RECTYPE,ALPHAIND,REGION,LASORT,LEA,ESTAB,URN,PCON_CODE,PCON_NAME,SCHNAME_AC,SCHNAME,ADDRESS1,ADDRESS2,ADDRESS3,TOWN,PCODE,TELNUM,CONTFLAG,NFTYPE/FESITYPE,RELDENOM,ADMPOL,ADMPOL_PT,GEND1618,FEEDER,AGERANGE,ICLOSE,TABKS2,TAB15,EXAMCONF,DUMMY,TPUP1618,TALLPUP_1618,TALLPUP_ALEV_1618,TALLPPE_ALEV_1618,TALLPPEGRD_ALEV_1618,TINCLUDE_B3,TB3PTSE,TB3PTSE_GRD,TINCLUDE_AAB_2FAC,PTAAB_2FAC,TALLPUP_ACAD_1618,TALLPPE_ACAD_1618,TALLPPEGRD_ACAD_1618,TALLPUP_AGEN,TALLPPE_AGEN,TALLPPEGRD_AGEN,TALLPUP_TLEV,TALLPPE_TLEV,TALLPPEGRD_TLEV,TTECH_BACC,TALLPUP_TLEVDENOM,TLEV_PER,TALLPUP_AGENDENOM,AGEN_PER,T_SCOPEEX_E,PROGEX_E,ENTRY_PER_E,T_SCOPEEX_M,PROGEX_M,ENTRY_PER_M,TALLPUP_SCOPE_L3M,L3M_PER,T_InScope_ALEV_Ret,PT_Retained_ALEV_Ret,PT_Ret_Assessed_ALEV,T_InScope_ALEV_2ndYr,PT_Retained_ALEV_2ndYr,T_InScope_ACAD_Ret,PT_Retained_ACAD_Ret,PT_Ret_Assessed_ACAD,T_InScope_ACAD_2ndYr,PT_Retained_ACAD_2ndYr,T_InScope_AGEN_Ret,PT_Retained_AGEN_Ret,PT_Ret_Assessed_AGEN,T_InScope_AGEN_2ndYr,PT_Retained_AGEN_2ndYr,T_InScope_TLEV_Ret,PT_Retained_TLEV_Ret,PT_Ret_Assessed_TLEV,T_InScope_TLEV_2ndYr,PT_Retained_TLEV_2ndYr,T_AIMS_TLEV,CA_SCORE_TLEV,TALLPUP_TechCert,TALLPPE_TechCert,TALLPPEGRD_TechCert,T_AIMS_TechCert,CA_Score_TechCert,T_InScope_TechCert_Ret,PT_Retained_TechCert_Ret,PT_Ret_Assessed_TechCert,TALLPUP_ANYL2VOC,TechCert_PER,TALLPUP_1618_DIS,TALLPUP_ALEV_1618_DIS,TALLPPE_ALEV_1618_DIS,TALLPPEGRD_ALEV_DIS,TALLPUP_ACAD_1618_DIS,TALLPPE_ACAD_1618_DIS,TALLPPEGRD_ACAD_DIS,TALLPUP_AGEN_DIS,TALLPPE_AGEN_DIS,TALLPPEGRD_AGEN_DIS,TALLPUP_TLEV_DIS,TALLPPE_TLEV_DIS,TALLPPEGRD_TLEV_DIS,T_SCOPEEX_E_DIS,PROGEX_E_DIS,T_SCOPEEX_M_DIS,PROGEX_M_DIS,T_AIMS_TLEV_DIS,CA_Score_TLEV_DIS,T_InScope_ALEV_Ret_DIS,PT_Retained_ALEV_Ret_DIS,T_InScope_ACAD_Ret_DIS,PT_Retained_ACAD_Ret_DIS,T_InScope_AGEN_Ret_DIS,PT_Retained_AGEN_Ret_DIS,T_InScope_TLEV_Ret_DIS,PT_Retained_TLEV_Ret_DIS,TALLPUP_TechCert_DIS,TALLPPE_TechCert_DIS,TALLPPEGRD_TechCert_DIS,T_AIMS_TechCert_DIS,CA_Score_TechCert_DIS,T_InScope_TechCert_Ret_DIS,PT_Retained_TechCert_Ret_DIS,TALLPUP_1618_NOTDIS,TALLPUP_ALEV_1618_NOTDIS,TALLPPE_ALEV_1618_NOTDIS,TALLPPEGRD_ALEV_NOTDIS,TALLPUP_ACAD_1618_NOTDIS,TALLPPE_ACAD_1618_NOTDIS,TALLPPEGRD_ACAD_NOTDIS,TALLPUP_AGEN_NOTDIS,TALLPPE_AGEN_NOTDIS,TALLPPEGRD_AGEN_NOTDIS,TALLPUP_TLEV_NOTDIS,TALLPPE_TLEV_NOTDIS,TALLPPEGRD_TLEV_NOTDIS,T_SCOPEEX_E_NOTDIS,PROGEX_E_NOTDIS,T_SCOPEEX_M_NOTDIS,PROGEX_M_NOTDIS,T_AIMS_TLEV_NOTDIS,CA_Score_TLEV_NOTDIS,T_InScope_ALEV_Ret_NOTDIS,PT_Retained_ALEV_Ret_NOTDIS,T_InScope_ACAD_Ret_NOTDIS,PT_Retained_ACAD_Ret_NOTDIS,T_InScope_AGEN_Ret_NOTDIS,PT_Retained_AGEN_Ret_NOTDIS,T_InScope_TLEV_Ret_NOTDIS,PT_Retained_TLEV_Ret_NOTDIS,TALLPUP_TechCert_NOTDIS,TALLPPE_TechCert_NOTDIS,TALLPPEGRD_TechCert_NOTDIS,T_AIMS_TechCert_NOTDIS,CA_Score_TechCert_NOTDIS,T_InScope_TechCert_Ret_NOTDIS,PT_Retained_TechCert_Ret_NOTDIS,ENTRIES_ALEV,VA_INS_ALEV,UCI_INS_ALEV,LCI_INS_ALEV,PROGRESS_BAND_ALEV,ENTRIES_ACAD,VA_INS_ACAD,UCI_INS_ACAD,LCI_INS_ACAD,PROGRESS_BAND_ACAD,ENTRIES_AGEN,VA_INS_AGEN,UCI_INS_AGEN,LCI_INS_AGEN,PROGRESS_BAND_AGEN,ENTRIES_ALEV_DIS,VA_INS_ALEV_DIS,UCI_INS_ALEV_DIS,LCI_INS_ALEV_DIS,ENTRIES_ACAD_DIS,VA_INS_ACAD_DIS,UCI_INS_ACAD_DIS,LCI_INS_ACAD_DIS,ENTRIES_AGEN_DIS,VA_INS_AGEN_DIS,UCI_INS_AGEN_DIS,LCI_INS_AGEN_DIS,ENTRIES_ALEV_NOTDIS,VA_INS_ALEV_NOTDIS,UCI_INS_ALEV_NOTDIS,LCI_INS_ALEV_NOTDIS,ENTRIES_ACAD_NOTDIS,VA_INS_ACAD_NOTDIS,UCI_INS_ACAD_NOTDIS,LCI_INS_ACAD_NOTDIS,ENTRIES_AGEN_NOTDIS,VA_INS_AGEN_NOTDIS,UCI_INS_AGEN_NOTDIS,LCI_INS_AGEN_NOTDIS,TALLPUP_1618_18,TALLPUP_1618_17,TALLPUP_ALEV_1618_18,TALLPUP_ALEV_1618_17,TALLPPE_ALEV_1618_18,TALLPPE_ALEV_1618_17,TALLPPEGRD_ALEV_1618_18,TALLPPEGRD_ALEV_1618_17,TALLPUP_ACAD_1618_18,TALLPUP_ACAD_1618_17,TALLPPE_ACAD_1618_18,TALLPPE_ACAD_1618_17,TALLPPEGRD_ACAD_1618_18,TALLPPEGRD_ACAD_1618_17,TALLPUP_AGEN_18,TALLPUP_AGEN_17,TALLPPE_AGEN_18,TALLPPE_AGEN_17,TALLPPEGRD_AGEN_18,TALLPPEGRD_AGEN_17,TALLPUP_TLEV_18,TALLPUP_TLEV_17,TALLPPE_TLEV_18,TALLPPE_TLEV_17,TALLPPEGRD_TLEV_18,TALLPPEGRD_TLEV_17,TALLPUP_TECHCERT_18,TALLPUP_TECHCERT_17,TALLPPE_TECHCERT_18,TALLPPE_TECHCERT_17,TALLPPEGRD_TECHCERT_18,TALLPPEGRD_TECHCERT_17,T_AIMS_TLEV_18,T_AIMS_TLEV_17,CA_SCORE_TLEV_18,CA_SCORE_TLEV_17,T_AIMS_TECHCERT_18,T_AIMS_TECHCERT_17,CA_SCORE_TECHCERT_18,CA_SCORE_TECHCERT_17,T_AIMS_CA_18,T_AIMS_CA_17,CA_SCORE_18,CA_SCORE_17,T_SCOPEEX_E_18,T_SCOPEEX_E_17,PROGEX_E_18,PROGEX_E_17,T_SCOPEEX_M_18,T_SCOPEEX_M_17,PROGEX_M_18,PROGEX_M_17,ENTRIES_ALEV_18,ENTRIES_ALEV_17,VA_INS_ALEV_18,VA_INS_ALEV_17,PROGRESS_BAND_ALEV_18,UCI_INS_ALEV_18,UCI_INS_ALEV_17,LCI_INS_ALEV_18,LCI_INS_ALEV_17,ENTRIES_ACAD_18,ENTRIES_ACAD_17,VA_INS_ACAD_18,VA_INS_ACAD_17,PROGRESS_BAND_ACAD_18,UCI_INS_ACAD_18,UCI_INS_ACAD_17,LCI_INS_ACAD_18,LCI_INS_ACAD_17,ENTRIES_AGEN_18,ENTRIES_AGEN_17,VA_INS_AGEN_18,VA_INS_AGEN_17,PROGRESS_BAND_AGEN_18,UCI_INS_AGEN_18,UCI_INS_AGEN_17,LCI_INS_AGEN_18,LCI_INS_AGEN_17,T_INSCOPE_ALEV_RET_18,T_INSCOPE_ALEV_RET_17,PT_RETAINED_ALEV_RET_18,PT_RETAINED_ALEV_RET_17,T_INSCOPE_ACAD_RET_18,T_INSCOPE_ACAD_RET_17,PT_RETAINED_ACAD_RET_18,PT_RETAINED_ACAD_RET_17,T_INSCOPE_AGEN_RET_18,T_INSCOPE_AGEN_RET_17,PT_RETAINED_AGEN_RET_18,PT_RETAINED_AGEN_RET_17,T_INSCOPE_TLEV_RET_18,T_INSCOPE_TLEV_RET_17,PT_RETAINED_TLEV_RET_18,PT_RETAINED_TLEV_RET_17,T_INSCOPE_TECHCERT_RET_18,T_INSCOPE_TECHCERT_RET_17,PT_RETAINED_TECHCERT_RET_18,PT_RETAINED_TECHCERT_RET_17,TALLPUP_1618_DIS_18,TALLPUP_1618_DIS_17,TALLPUP_ALEV_1618_DIS_18,TALLPUP_ALEV_1618_DIS_17,TALLPPE_ALEV_1618_DIS_18,TALLPPE_ALEV_1618_DIS_17,TALLPPEGRD_ALEV_DIS_18,TALLPPEGRD_ALEV_DIS_17,TALLPUP_ACAD_1618_DIS_18,TALLPUP_ACAD_1618_DIS_17,TALLPPE_ACAD_1618_DIS_18,TALLPPE_ACAD_1618_DIS_17,TALLPPEGRD_ACAD_DIS_18,TALLPPEGRD_ACAD_DIS_17,TALLPUP_AGEN_DIS_18,TALLPUP_AGEN_DIS_17,TALLPPE_AGEN_DIS_18,TALLPPE_AGEN_DIS_17,TALLPPEGRD_AGEN_DIS_18,TALLPPEGRD_AGEN_DIS_17,TALLPUP_TLEV_DIS_18,TALLPUP_TLEV_DIS_17,TALLPPE_TLEV_DIS_18,TALLPPE_TLEV_DIS_17,TALLPPEGRD_TLEV_DIS_18,TALLPPEGRD_TLEV_DIS_17,TALLPUP_TECHCERT_DIS_18,TALLPUP_TECHCERT_DIS_17,TALLPPE_TECHCERT_DIS_18,TALLPPE_TECHCERT_DIS_17,TALLPPEGRD_TECHCERT_DIS_18,TALLPPEGRD_TECHCERT_DIS_17,T_AIMS_TLEV_DIS_18,T_AIMS_TLEV_DIS_17,CA_SCORE_TLEV_DIS_18,CA_SCORE_TLEV_DIS_17,T_AIMS_TECHCERT_DIS_18,T_AIMS_TECHCERT_DIS_17,CA_SCORE_TECHCERT_DIS_18,CA_SCORE_TECHCERT_DIS_17,T_SCOPEEX_E_DIS_18,T_SCOPEEX_E_DIS_17,PROGEX_E_DIS_18,PROGEX_E_DIS_17,T_SCOPEEX_M_DIS_18,T_SCOPEEX_M_DIS_17,PROGEX_M_DIS_18,PROGEX_M_DIS_17,ENTRIES_ALEV_DIS_18,ENTRIES_ALEV_DIS_17,VA_INS_ALEV_DIS_18,VA_INS_ALEV_DIS_17,UCI_INS_ALEV_DIS_18,UCI_INS_ALEV_DIS_17,LCI_INS_ALEV_DIS_18,LCI_INS_ALEV_DIS_17,ENTRIES_ACAD_DIS_18,ENTRIES_ACAD_DIS_17,VA_INS_ACAD_DIS_18,VA_INS_ACAD_DIS_17,UCI_INS_ACAD_DIS_18,UCI_INS_ACAD_DIS_17,LCI_INS_ACAD_DIS_18,LCI_INS_ACAD_DIS_17,ENTRIES_AGEN_DIS_18,ENTRIES_AGEN_DIS_17,VA_INS_AGEN_DIS_18,VA_INS_AGEN_DIS_17,UCI_INS_AGEN_DIS_18,UCI_INS_AGEN_DIS_17,LCI_INS_AGEN_DIS_18,LCI_INS_AGEN_DIS_17,T_INSCOPE_ALEV_RET_DIS_18,T_INSCOPE_ALEV_RET_DIS_17,PT_RETAINED_ALEV_RET_DIS_18,PT_RETAINED_ALEV_RET_DIS_17,T_INSCOPE_ACAD_RET_DIS_18,T_INSCOPE_ACAD_RET_DIS_17,PT_RETAINED_ACAD_RET_DIS_18,PT_RETAINED_ACAD_RET_DIS_17,T_INSCOPE_AGEN_RET_DIS_18,T_INSCOPE_AGEN_RET_DIS_17,PT_RETAINED_AGEN_RET_DIS_18,PT_RETAINED_AGEN_RET_DIS_17,T_INSCOPE_TLEV_RET_DIS_18,T_INSCOPE_TLEV_RET_DIS_17,PT_RETAINED_TLEV_RET_DIS_18,PT_RETAINED_TLEV_RET_DIS_17,T_INSCOPE_TECHCERT_RET_DIS_18,T_INSCOPE_TECHCERT_RET_DIS_17,PT_RETAINED_TECHCERT_RET_DIS_18,PT_RETAINED_TECHCERT_RET_DIS_17,TALLPUP_1618_NOTDIS_18,TALLPUP_1618_NOTDIS_17,TALLPUP_ALEV_1618_NOTDIS_18,TALLPUP_ALEV_1618_NOTDIS_17,TALLPPE_ALEV_1618_NOTDIS_18,TALLPPE_ALEV_1618_NOTDIS_17,TALLPPEGRD_ALEV_NOTDIS_18,TALLPPEGRD_ALEV_NOTDIS_17,TALLPUP_ACAD_1618_NOTDIS_18,TALLPUP_ACAD_1618_NOTDIS_17,TALLPPE_ACAD_1618_NOTDIS_18,TALLPPE_ACAD_1618_NOTDIS_17,TALLPPEGRD_ACAD_NOTDIS_18,TALLPPEGRD_ACAD_NOTDIS_17,TALLPUP_AGEN_NOTDIS_18,TALLPUP_AGEN_NOTDIS_17,TALLPPE_AGEN_NOTDIS_18,TALLPPE_AGEN_NOTDIS_17,TALLPPEGRD_AGEN_NOTDIS_18,TALLPPEGRD_AGEN_NOTDIS_17,TALLPUP_TLEV_NOTDIS_18,TALLPUP_TLEV_NOTDIS_17,TALLPPE_TLEV_NOTDIS_18,TALLPPE_TLEV_NOTDIS_17,TALLPPEGRD_TLEV_NOTDIS_18,TALLPPEGRD_TLEV_NOTDIS_17,TALLPUP_TECHCERT_NOTDIS_18,TALLPUP_TECHCERT_NOTDIS_17,TALLPPE_TECHCERT_NOTDIS_18,TALLPPE_TECHCERT_NOTDIS_17,TALLPPEGRD_TECHCERT_NOTDIS_18,TALLPPEGRD_TECHCERT_NOTDIS_17,T_AIMS_TLEV_NOTDIS_18,T_AIMS_TLEV_NOTDIS_17,CA_SCORE_TLEV_NOTDIS_18,CA_SCORE_TLEV_NOTDIS_17,T_AIMS_TECHCERT_NOTDIS_18,T_AIMS_TECHCERT_NOTDIS_17,CA_SCORE_TECHCERT_NOTDIS_18,CA_SCORE_TECHCERT_NOTDIS_17,T_SCOPEEX_E_NOTDIS_18,T_SCOPEEX_E_NOTDIS_17,PROGEX_E_NOTDIS_18,PROGEX_E_NOTDIS_17,T_SCOPEEX_M_NOTDIS_18,T_SCOPEEX_M_NOTDIS_17,PROGEX_M_NOTDIS_18,PROGEX_M_NOTDIS_17,ENTRIES_ALEV_NOTDIS_18,ENTRIES_ALEV_NOTDIS_17,VA_INS_ALEV_NOTDIS_18,VA_INS_ALEV_NOTDIS_17,UCI_INS_ALEV_NOTDIS_18,UCI_INS_ALEV_NOTDIS_17,LCI_INS_ALEV_NOTDIS_18,LCI_INS_ALEV_NOTDIS_17,ENTRIES_ACAD_NOTDIS_18,ENTRIES_ACAD_NOTDIS_17,VA_INS_ACAD_NOTDIS_18,VA_INS_ACAD_NOTDIS_17,UCI_INS_ACAD_NOTDIS_18,UCI_INS_ACAD_NOTDIS_17,LCI_INS_ACAD_NOTDIS_18,LCI_INS_ACAD_NOTDIS_17,ENTRIES_AGEN_NOTDIS_18,ENTRIES_AGEN_NOTDIS_17,VA_INS_AGEN_NOTDIS_18,VA_INS_AGEN_NOTDIS_17,UCI_INS_AGEN_NOTDIS_18,UCI_INS_AGEN_NOTDIS_17,LCI_INS_AGEN_NOTDIS_18,LCI_INS_AGEN_NOTDIS_17,T_INSCOPE_ALEV_RET_NOTDIS_18,T_INSCOPE_ALEV_RET_NOTDIS_17,PT_RETAINED_ALEV_RET_NOTDIS_18,PT_RETAINED_ALEV_RET_NOTDIS_17,T_INSCOPE_ACAD_RET_NOTDIS_18,T_INSCOPE_ACAD_RET_NOTDIS_17,PT_RETAINED_ACAD_RET_NOTDIS_18,PT_RETAINED_ACAD_RET_NOTDIS_17,T_INSCOPE_AGEN_RET_NOTDIS_18,T_INSCOPE_AGEN_RET_NOTDIS_17,PT_RETAINED_AGEN_RET_NOTDIS_18,PT_RETAINED_AGEN_RET_NOTDIS_17,T_INSCOPE_TLEV_RET_NOTDIS_18,T_INSCOPE_TLEV_RET_NOTDIS_17,PT_RETAINED_TLEV_RET_NOTDIS_18,PT_RETAINED_TLEV_RET_NOTDIS_17,T_INSCOPE_TECHCERT_RET_NOTDIS_18,T_INSCOPE_TECHCERT_RET_NOTDIS_17,PT_RETAINED_TECHCERT_RET_NOTDIS_18,PT_RETAINED_TECHCERT_RET_NOTDIS_17
1,11516,38,2,938,8004,130843,E14000633,Chichester,,Chichester College Group,Westgate Fields,,,Chichester,PO19 1SB,01243786321,0,General Further Education College,Does not apply,NA,NA,MIXED,0,16+,0,,,,,4726,2432,207,29.57,C,131,31.73,C+,131,10.7%,215,29.54,C,141,30.43,Dist-,121,24.37,Merit,0,715,16.9%,721,19.6%,778,0.03,83.4%,954,-0.05,87.0%,383,8.6%,169,93.5%,93.5%,165,69.7%,169,93.5%,93.5%,165,69.7%,135,94.8%,87.4%,129,74.4%,133,94.0%,87.2%,127,84.3%,142,0.09,64,5.35,L2Pass+,110,-0.09,110,90.0%,58.2%,684,9.2%,533,17,25.94,C-,20,25.73,C-,15,31.94,Dist-,26,23.23,Merit-,257,-0.08,292,-0.15,31,-0.17,14,85.7%,14,85.7%,14,100.0%,29,93.1%,13,5.29,L2Pass+,22,-0.32,22,86.4%,1741,171,30.02,C,175,30.01,C,122,29.99,Merit+,95,24.71,Merit,520,0.08,660,0.00,110,0.18,147,94.6%,147,94.6%,118,94.1%,103,95.1%,48,5.34,L2Pass+,83,-0.04,83,90.4%,551,0.02,0.11,-0.07,3,573,0.01,0.11,-0.08,3,145,-0.04,0.13,-0.21,3,50,-0.16,0.17,-0.49,53,-0.15,0.17,-0.48,17,0.13,0.61,-0.35,501,0.04,0.13,-0.06,520,0.03,0.12,-0.07,128,-0.06,0.12,-0.23,2379,1986,261,317,29.28,26.87,C,C-,261,317,29.35,26.96,C,C-,85,246,28.41,33.13,Merit+,Dist-,67,347,23.71,31.56,Merit,Dist-,318,283,5.91,5.87,L2Merit,L2Merit,70,381,0.13,0.23,121,117,-0.23,0.02,,,,,731,599,-0.17,-0.17,878,736,-0.13,-0.11,693,871,-0.02,-0.2,3,0.06,-0.12,-0.10,-0.27,713,905,-0.02,-0.19,3,0.06,-0.12,-0.10,-0.27,83,243,-0.41,-0.23,4,-0.20,-0.09,-0.62,-0.37,233,269,94.8%,95.2%,234,269,94.4%,95.2%,74,269,94.6%,94.8%,71,365,94.4%,97.8%,345,316,90.1%,90.2%,515,403,28,26,25.18,27.64,C-,C-,28,26,25.04,27.61,C-,C-,9,37,33.00,32.34,Dist-,Dist-,11,40,21.88,27.49,Merit-,Merit+,86,77,5.99,5.86,L2Merit,L2Merit,11,49,0.06,-0.36,32,38,-0.26,-0.5,236,185,-0.40,-0.25,291,225,-0.25,-0.2,82,76,0.31,0.28,0.56,0.54,0.06,0.02,85,79,0.29,0.27,0.54,0.52,0.04,0.01,9,38,0.07,-0.19,0.84,0.16,-0.70,-0.54,28,23,82.1%,91.3%,28,23,82.1%,91.3%,7,43,85.7%,88.4%,11,48,90.9%,93.8%,104,89,84.6%,89.9%,1675,1455,206,267,28.87,26.96,C,C-,206,267,29.00,27.06,C,C-,74,200,27.96,33.63,Merit+,Dist,55,292,24.00,31.98,Merit,Dist-,226,202,5.88,5.87,L2Merit,L2Merit,58,318,0.14,0.3,87,78,-0.22,0.28,494,409,-0.06,-0.13,583,504,-0.07,-0.08,611,795,-0.06,-0.24,0.03,-0.16,-0.14,-0.32,628,826,-0.06,-0.23,0.03,-0.16,-0.14,-0.31,74,205,-0.44,-0.24,-0.22,-0.09,-0.66,-0.40,193,234,96.4%,95.3%,194,234,95.9%,95.3%,67,219,95.5%,95.9%,59,303,94.9%,98.3%,237,224,92.4%,90.2%
1,12016,38,2,938,6011,126107,E14000753,Horsham,,Christ's Hospital,The Avenue,,,Horsham,RH13 0LJ,01403247432,0,IND,,,NA,MIXED,0,11-18,0,,,,,279,148,121,38.16,B-,71,39.30,B,71,32.4%,144,38.26,B-,NE,NE,NE,NE,NE,NE,NE,NE,NE,NE,NE,2,SUPP,SUPP,NE,NE,NE,132,62.1%,NA,NA,NA,NA,NA,NA,NA,NA,NA,NA,NA,NA,NA,NA,NA,NA,NA,NA,NA,NA,NA,NA,NE,NE,NE,NA,NA,NA,NA,NA,NE,NE,NA,NA,NA,NA,NA,NA,NA,NA,NA,NA,NA,NA,NA,NA,NA,NA,NA,NA,NA,NA,NA,NA,NA,NA,NA,NA,NA,NA,NA,NA,NA,NA,NA,NA,NA,NA,NA,NA,NA,NA,NA,NA,NA,NA,NA,NA,NA,NA,NA,NA,NA,NA,NA,NA,NA,NA,NA,NA,NA,NA,NA,NA,NA,NA,NA,NA,NA,NA,297,-0.14,-0.01,-0.26,4,378,-0.22,-0.11,-0.34,4,NE,NE,NE,NE,NA,NA,NA,NA,NA,NA,NA,NA,NA,NA,NA,NA,NA,NA,NA,NA,NA,NA,NA,NA,NA,NA,NA,NA,NA,144,171,119,144,42.39,42.37,B+,B+,143,171,41.96,42.57,B+,B+,NE,NE,NE,NE,NE,NE,NE,NE,NE,NE,NE,NE,NE,NE,NE,NE,NE,NE,NA,NA,NA,NA,NA,NA,NA,NA,,,,,4,3,SUPP,SUPP,NE,NE,NE,NE,283,331,0.28,0.05,2,0.41,0.17,0.15,-0.07,376,439,0.22,0.00,2,0.33,0.12,0.11,-0.12,NE,NE,NE,NE,NA,NE,NE,NE,NE,NA,NA,NA,NA,NA,NA,NA,NA,NA,NA,NA,NA,NA,NA,NA,NA,NA,NA,NA,NA,NA,NA,NA,NA,NA,NA,NA,NA,NA,NA,NA,NA,NA,NA,NA,NA,NA,NA,NA,NA,NA,NA,NA,NA,NA,NA,NA,NA,NA,NA,NA,NA,NA,NA,NA,NA,NA,NA,NA,NA,NA,NA,NA,NA,NA,NA,NA,NA,NA,NA,NA,NA,NA,NA,NA,NA,NA,NA,NA,NA,NA,NA,NA,NA,NA,NA,NA,NA,NA,NA,NA,NA,NA,NA,NA,NA,NA,NA,NA,NA,NA,NA,NA,NA,NA,NA,NA,NA,NA,NA,NA,NA,NA,NA,NA,NA,NA,NA,NA,NA,NA,NA,NA,NA,NA,NA,NA,NA,NA,NA,NA,NA,NA,NA,NA,NA,NA,NA,NA,NA,NA,NA,NA,NA,NA,NA,NA,NA,NA,NA,NA,NA,NA,NA,NA,NA,NA,NA,NA,NA,NA,NA,NA,NA,NA,NA,NA,NA,NA,NA,NA,NA,NA,NA,NA,NA,NA,NA,NA,NA,NA,NA,NA,NA,NA,NA,NA,NA,NA,NA,NA,NA,NA,NA,NA,NA,NA,NA,NA,NA,NA,NA,NA,NA
1,12990,38,2,938,8602,130847,E14000753,Horsham,,The College of Richard Collyer In Horsham,Hurst Road,,,Horsham,RH12 2EJ,01403210822,0,Sixth Form College,Does not apply,NA,NA,MIXED,0,16+,0,,,,,1932,1033,739,37.69,B-,630,33.66,C+,630,20.2%,742,37.77,B-,91,34.26,Dist,27,37.92,Dist+,0,184,14.7%,239,38.1%,48,0.66,SUPP,127,0.57,89.8%,710,24.4%,737,87.0%,86.3%,734,83.7%,737,87.0%,86.3%,734,83.7%,65,96.9%,96.9%,62,79.0%,28,96.4%,96.4%,28,96.4%,28,1.33,1,SUPP,SUPP,NE,NE,NE,NE,NE,65,0.0%,68,29,34.02,C+,29,34.07,C+,SUPP,SUPP,SUPP,SUPP,SUPP,SUPP,7,0.14,24,0.38,3,SUPP,35,74.3%,35,74.3%,SUPP,SUPP,SUPP,SUPP,NE,NE,NE,NE,NE,NE,NE,916,665,37.53,B-,667,37.62,B-,SUPP,SUPP,SUPP,SUPP,SUPP,SUPP,41,0.75,103,0.61,25,SUPP,687,87.3%,687,87.3%,SUPP,SUPP,SUPP,SUPP,SUPP,SUPP,SUPP,NE,NE,NE,NE,1796,0.31,0.36,0.26,2,1871,0.31,0.36,0.26,2,92,0.45,0.64,0.26,2,66,0.15,0.43,-0.12,68,0.15,0.43,-0.12,SUPP,SUPP,SUPP,SUPP,1730,0.32,0.37,0.27,1803,0.32,0.37,0.27,SUPP,SUPP,SUPP,SUPP,1056,949,864,799,36.33,34.22,B-,C+,866,799,36.42,34.32,B-,C+,13,86,28.39,37.45,Merit+,Dist+,9,30,38.95,34.53,Dist+,Dist,18,15,5.53,4.59,L2Merit-,L2Pass-,5,37,SUPP,0.3,22,16,0.57,0.11,,,,,44,34,0.45,0.34,111,95,0.79,0.53,2396,2618,0.22,0.15,2,0.26,0.19,0.17,0.11,2486,2716,0.22,0.15,2,0.26,0.19,0.18,0.11,12,92,0.27,-0.07,3,0.83,0.18,-0.29,-0.32,881,718,90.6%,93.2%,881,718,90.6%,93.2%,5,89,SUPP,83.1%,1,36,SUPP,86.1%,19,10,78.9%,90.0%,88,77,62,42,34.37,31.85,C+,C+,63,42,34.45,31.8,C+,C+,SUPP,SUPP,SUPP,SUPP,SUPP,SUPP,SUPP,SUPP,SUPP,SUPP,SUPP,SUPP,SUPP,NE,SUPP,NE,SUPP,NE,1,5,SUPP,SUPP,4,1,SUPP,SUPP,SUPP,6,SUPP,-0.33,11,20,1.09,-0.05,152,125,0.27,0.20,0.45,0.41,0.08,0.00,159,128,0.27,0.20,0.45,0.40,0.09,-0.01,SUPP,SUPP,SUPP,SUPP,SUPP,SUPP,SUPP,SUPP,72,45,76.4%,75.6%,72,45,76.4%,75.6%,SUPP,8,SUPP,50.0%,NE,SUPP,NE,SUPP,SUPP,SUPP,SUPP,SUPP,928,843,766,732,36.10,34.18,B-,C+,767,732,36.20,34.29,B-,C+,SUPP,SUPP,SUPP,SUPP,SUPP,SUPP,SUPP,SUPP,SUPP,SUPP,SUPP,SUPP,SUPP,15,SUPP,4.59,SUPP,L2Pass-,4,32,SUPP,SUPP,18,15,SUPP,SUPP,SUPP,28,SUPP,0.48,100,75,0.76,0.68,2244,2493,0.22,0.15,0.26,0.19,0.17,0.10,2327,2588,0.22,0.15,0.26,0.19,0.17,0.10,SUPP,SUPP,SUPP,SUPP,SUPP,SUPP,SUPP,SUPP,800,669,91.8%,94.5%,800,669,91.8%,94.5%,SUPP,79,SUPP,87.3%,SUPP,SUPP,SUPP,SUPP,SUPP,SUPP,SUPP,SUPP
1,11522,38,2,938,4001,140105,E14000633,Chichester,,Chichester High School,Kingsham Road,,,Chichester,PO19 8EB,01243787014,0,ACC,Does not apply,NR,NA,MIXED,0,11-18,0,,,,,189,121,94,30.88,C,80,29.58,C,80,5.0%,94,30.88,C,6,30.63,Dist-,NE,NE,NE,NE,8,0.0%,14,42.9%,14,0.07,SUPP,19,0.42,SUPP,86,19.8%,94,88.3%,83.0%,93,82.8%,94,88.3%,83.0%,93,82.8%,19,63.2%,31.6%,19,36.8%,NE,NE,NE,NE,NE,NE,NE,NE,NE,NE,NE,NE,NE,NE,NE,NE,NE,10,7,26.84,C-,7,26.84,C-,NE,NE,NE,NE,NE,NE,SUPP,SUPP,SUPP,SUPP,NE,NE,7,100.0%,7,100.0%,SUPP,SUPP,NE,NE,NE,NE,NE,NE,NE,NE,NE,111,87,31.23,C,87,31.22,C,6,30.63,Dist-,NE,NE,NE,SUPP,SUPP,SUPP,SUPP,NE,NE,87,87.4%,87,87.4%,SUPP,SUPP,NE,NE,NE,NE,NE,NE,NE,NE,NE,251,-0.01,0.12,-0.14,3,253,-0.01,0.12,-0.14,3,6,0.23,0.97,-0.51,3,19,-0.03,0.48,-0.54,19,-0.03,0.48,-0.54,NE,NE,NE,NE,232,-0.01,0.13,-0.14,234,-0.01,0.13,-0.14,6,0.23,0.96,-0.5,128,110,100,105,34.04,32.09,C+,C+,100,105,34.09,32.15,C+,C+,9,10,26.04,31.79,Merit,Dist-,NE,NE,NE,NE,NE,NE,NE,NE,NE,NE,NE,NE,NE,NE,NE,NE,NE,NE,NE,NE,,,,,6,NE,0.33,NE,18,2,0.00,SUPP,296,346,0.17,-0.05,2,0.29,0.07,0.05,-0.16,305,352,0.17,-0.04,2,0.29,0.07,0.05,-0.16,9,10,-0.06,-0.84,3,0.56,-0.11,-0.67,-1.56,101,93,97.0%,96.8%,101,93,97.0%,96.8%,23,13,91.3%,92.3%,NE,NE,NE,NE,NE,NE,NE,NE,18,9,11,9,27.69,27.96,C-,C-,11,9,27.69,27.99,C-,C-,NE,SUPP,NE,SUPP,NE,SUPP,NE,NE,NE,NE,NE,NE,NE,NE,NE,NE,NE,NE,NE,NE,NE,NE,NE,NE,NE,NE,SUPP,NE,SUPP,NE,SUPP,NE,SUPP,NE,28,31,0.36,-0.31,0.79,0.08,-0.07,-0.70,28,32,0.36,-0.32,0.79,0.07,-0.07,-0.70,NE,SUPP,NE,SUPP,NE,SUPP,NE,SUPP,11,8,90.9%,100.0%,11,8,90.9%,100.0%,SUPP,NE,SUPP,NE,NE,NE,NE,NE,NE,NE,NE,NE,110,100,89,95,34.69,32.54,C+,C+,89,95,34.74,32.61,C+,C+,9,SUPP,26.04,SUPP,Merit,SUPP,NE,NE,NE,NE,NE,NE,NE,NE,NE,NE,NE,NE,NE,NE,NE,NE,NE,NE,NE,NE,SUPP,NE,SUPP,NE,SUPP,SUPP,SUPP,SUPP,268,315,0.15,-0.02,0.28,0.10,0.03,-0.14,277,320,0.15,-0.02,0.28,0.10,0.03,-0.14,9,SUPP,-0.06,SUPP,0.55,SUPP,-0.66,SUPP,90,84,97.8%,96.4%,90,84,97.8%,96.4%,SUPP,13,SUPP,92.3%,NE,NE,NE,NE,NE,NE,NE,NE
1,1768,38,2,938,4060,126081,E14000534,Arundel and South Downs,,The Angmering School,Station Road,Angmering,,Littlehampton,BN16 4HH,01903772351,0,CY,Does not apply,NSE,OTHER NON SEL,MIXED,0,11-18,0,,,,,177,102,69,29.63,C,64,25.99,C-,64,3.1%,71,29.78,C,7,30.56,Dist-,NE,NE,NE,NE,23,0.0%,25,28.0%,10,0.49,SUPP,19,-0.02,63.2%,71,21.1%,77,92.2%,85.7%,76,85.5%,77,92.2%,85.7%,76,85.5%,7,100.0%,100.0%,7,85.7%,NE,NE,NE,NE,NE,NE,NE,NE,NE,NE,NE,NE,NE,NE,NE,5,SUPP,12,SUPP,SUPP,SUPP,SUPP,SUPP,SUPP,NE,NE,NE,NE,NE,NE,SUPP,SUPP,SUPP,SUPP,NE,NE,6,83.3%,6,83.3%,NE,NE,NE,NE,NE,NE,NE,NE,NE,NE,NE,90,SUPP,SUPP,SUPP,SUPP,SUPP,SUPP,7,30.56,Dist-,NE,NE,NE,SUPP,SUPP,SUPP,SUPP,NE,NE,71,93.0%,71,93.0%,7,100.0%,NE,NE,NE,NE,NE,NE,NE,NE,NE,180,-0.38,-0.22,-0.54,4,188,-0.37,-0.21,-0.52,4,7,-0.14,0.44,-0.72,3,11,-0.36,0.29,-1.02,11,-0.36,0.29,-1.02,NE,NE,NE,NE,169,-0.38,-0.22,-0.54,177,-0.37,-0.21,-0.53,7,-0.14,0.44,-0.73,76,113,42,78,31.24,27.52,C,C-,42,78,31.36,27.77,C,C-,NE,16,NE,32.93,NE,Dist-,NE,6,NE,30,NE,Dist-,NE,NE,NE,NE,NE,NE,NE,12,NE,-1.11,NE,NE,NE,NE,,,,,12,22,0.25,-0.05,17,28,-0.03,0.14,109,207,-0.01,0.21,3,0.20,0.36,-0.22,0.05,116,214,-0.01,0.21,3,0.19,0.36,-0.22,0.06,NE,16,NE,0.08,NA,NE,0.72,NE,-0.56,50,67,96.0%,95.5%,50,67,96.0%,95.5%,NE,12,NE,83.3%,NE,6,NE,83.3%,NE,NE,NE,NE,14,16,SUPP,9,SUPP,20.94,SUPP,D,SUPP,9,SUPP,20.92,SUPP,D,NE,SUPP,NE,SUPP,NE,SUPP,NE,NE,NE,NE,NE,NE,NE,NE,NE,NE,NE,NE,NE,NE,NE,NE,NE,NE,NE,NE,SUPP,SUPP,SUPP,SUPP,9,7,-0.18,0.36,SUPP,23,SUPP,0.23,SUPP,0.71,SUPP,-0.25,SUPP,24,SUPP,0.21,SUPP,0.68,SUPP,-0.26,NE,SUPP,NE,SUPP,NE,SUPP,NE,SUPP,SUPP,7,SUPP,100.0%,SUPP,7,SUPP,100.0%,NE,SUPP,NE,SUPP,NE,NE,NE,NE,NE,NE,NE,NE,62,97,SUPP,69,SUPP,28.24,SUPP,C-,SUPP,69,SUPP,28.53,SUPP,C,NE,SUPP,NE,SUPP,NE,SUPP,NE,6,NE,30,NE,Dist-,NE,NE,NE,NE,NE,NE,NE,12,NE,-1.11,NE,NE,NE,NE,SUPP,SUPP,SUPP,SUPP,8,21,0.14,0.07,SUPP,184,SUPP,0.20,SUPP,0.36,SUPP,0.04,SUPP,190,SUPP,0.21,SUPP,0.37,SUPP,0.05,NE,SUPP,NE,SUPP,NE,SUPP,NE,SUPP,SUPP,60,SUPP,95.0%,SUPP,60,SUPP,95.0%,NE,SUPP,NE,SUPP,NE,6,NE,83.3%,NE,NE,NE,NE
1,18790,38,2,938,6144,126126,E14000753,Horsham,,Farlington School,Strood Park,,,Horsham,RH12 3PN,01403254967,0,IND,Church of England,,NA,GIRLS,0,4-18,0,,,,,46,28,28,42.39,B+,26,43.08,B+,26,30.8%,28,42.40,B+,NE,NE,NE,NE,NE,NE,NE,NE,NE,NE,NE,2,SUPP,SUPP,NE,NE,NE,22,18.2%,NA,NA,NA,NA,NA,NA,NA,NA,NA,NA,NA,NA,NA,NA,NA,NA,NA,NA,NA,NA,NA,NA,NE,NE,NE,NA,NA,NA,NA,NA,NE,NE,NA,NA,NA,NA,NA,NA,NA,NA,NA,NA,NA,NA,NA,NA,NA,NA,NA,NA,NA,NA,NA,NA,NA,NA,NA,NA,NA,NA,NA,NA,NA,NA,NA,NA,NA,NA,NA,NA,NA,NA,NA,NA,NA,NA,NA,NA,NA,NA,NA,NA,NA,NA,NA,NA,NA,NA,NA,NA,NA,NA,NA,NA,NA,NA,NA,NA,NA,NA,68,0.55,0.8,0.3,1,70,0.54,0.79,0.29,1,NE,NE,NE,NE,NA,NA,NA,NA,NA,NA,NA,NA,NA,NA,NA,NA,NA,NA,NA,NA,NA,NA,NA,NA,NA,NA,NA,NA,NA,20,17,20,15,44.69,33.26,B+,C+,20,15,44.67,33.3,B+,C+,NE,NE,NE,NE,NE,NE,NE,NE,NE,NE,NE,NE,NE,NE,NE,NE,NE,NE,NA,NA,NA,NA,NA,NA,NA,NA,,,,,NE,NE,NE,NE,NE,NE,NE,NE,44,43,0.56,-0.06,1,0.88,0.27,0.24,-0.39,47,44,0.55,-0.05,1,0.86,0.27,0.24,-0.38,NE,NE,NE,NE,NA,NE,NE,NE,NE,NA,NA,NA,NA,NA,NA,NA,NA,NA,NA,NA,NA,NA,NA,NA,NA,NA,NA,NA,NA,NA,NA,NA,NA,NA,NA,NA,NA,NA,NA,NA,NA,NA,NA,NA,NA,NA,NA,NA,NA,NA,NA,NA,NA,NA,NA,NA,NA,NA,NA,NA,NA,NA,NA,NA,NA,NA,NA,NA,NA,NA,NA,NA,NA,NA,NA,NA,NA,NA,NA,NA,NA,NA,NA,NA,NA,NA,NA,NA,NA,NA,NA,NA,NA,NA,NA,NA,NA,NA,NA,NA,NA,NA,NA,NA,NA,NA,NA,NA,NA,NA,NA,NA,NA,NA,NA,NA,NA,NA,NA,NA,NA,NA,NA,NA,NA,NA,NA,NA,NA,NA,NA,NA,NA,NA,NA,NA,NA,NA,NA,NA,NA,NA,NA,NA,NA,NA,NA,NA,NA,NA,NA,NA,NA,NA,NA,NA,NA,NA,NA,NA,NA,NA,NA,NA,NA,NA,NA,NA,NA,NA,NA,NA,NA,NA,NA,NA,NA,NA,NA,NA,NA,NA,NA,NA,NA,NA,NA,NA,NA,NA,NA,NA,NA,NA,NA,NA,NA,NA,NA,NA,NA,NA,NA,NA,NA,NA,NA,NA,NA,NA,NA,NA,NA
1,18994,38,2,938,4059,126080,E14000576,Bognor Regis and Littlehampton,,Felpham Community College,Felpham Way,Felpham,,Bognor Regis,PO22 8EL,01243826511,0,CY,Does not apply,NSE,OTHER NON SEL,MIXED,0,11-18,0,,,,,178,93,72,30.31,C,40,32.08,C+,40,15.0%,72,30.34,C,26,39.57,Dist+,9,33.93,Dist,0,13,69.2%,30,86.7%,7,0.96,100.0%,14,0.43,100.0%,71,25.4%,51,92.2%,78.4%,51,80.4%,51,92.2%,78.4%,51,80.4%,23,100.0%,87.0%,23,91.3%,10,90.0%,90.0%,10,90.0%,10,0.50,NE,NE,NE,NE,NE,NE,NE,NE,6,0.0%,9,6,19.13,D,6,19.13,D,SUPP,SUPP,SUPP,SUPP,SUPP,SUPP,SUPP,SUPP,SUPP,SUPP,1,SUPP,SUPP,SUPP,SUPP,SUPP,SUPP,SUPP,SUPP,SUPP,NE,NE,NE,NE,NE,NE,NE,84,66,31.15,C,66,31.18,C,SUPP,SUPP,SUPP,SUPP,SUPP,SUPP,SUPP,SUPP,SUPP,SUPP,9,SUPP,SUPP,SUPP,SUPP,SUPP,SUPP,SUPP,SUPP,SUPP,NE,NE,NE,NE,NE,NE,NE,169,-0.22,-0.06,-0.38,4,172,-0.22,-0.06,-0.38,4,28,0.22,0.54,-0.09,3,12,-0.49,0.17,-1.15,12,-0.49,0.17,-1.15,SUPP,SUPP,SUPP,SUPP,157,-0.2,-0.03,-0.36,160,-0.2,-0.04,-0.37,SUPP,SUPP,SUPP,SUPP,95,100,78,84,28.97,28.63,C,C,78,84,29.16,28.63,C,C,24,36,35.50,43.57,Dist,Dist*-,17,2,36.83,SUPP,Dist+,SUPP,NE,NE,NE,NE,NE,NE,19,4,0.63,SUPP,NE,NE,NE,NE,,,,,6,7,0.83,1.43,12,17,0.17,0.35,192,250,-0.23,-0.08,4,-0.08,0.05,-0.39,-0.22,199,252,-0.23,-0.08,4,-0.08,0.05,-0.39,-0.22,26,47,0.16,0.36,3,0.48,0.71,-0.15,0.01,55,51,92.7%,90.2%,55,51,92.7%,90.2%,16,40,100.0%,92.5%,18,4,94.4%,SUPP,NE,NE,NE,NE,11,15,8,11,25.48,22.94,C-,D+,8,11,25.48,22.94,C-,D+,SUPP,6,SUPP,47,SUPP,Dist*,NE,NE,NE,NE,NE,NE,NE,NE,NE,NE,NE,NE,1,1,SUPP,SUPP,NE,NE,NE,NE,SUPP,SUPP,SUPP,SUPP,SUPP,SUPP,SUPP,SUPP,21,35,-0.10,-0.07,0.44,0.31,-0.63,-0.45,21,35,-0.10,-0.07,0.44,0.31,-0.63,-0.45,SUPP,7,SUPP,0.91,SUPP,1.90,SUPP,-0.07,8,SUPP,75.0%,SUPP,8,SUPP,75.0%,SUPP,SUPP,7,SUPP,85.7%,SUPP,SUPP,SUPP,SUPP,NE,NE,NE,NE,84,83,70,71,29.32,29.22,C,C,70,71,29.52,29.22,C,C,SUPP,30,SUPP,43.05,SUPP,Dist*-,17,SUPP,36.83,SUPP,Dist+,SUPP,NE,NE,NE,NE,NE,NE,18,3,SUPP,SUPP,NE,NE,NE,NE,SUPP,SUPP,SUPP,SUPP,SUPP,SUPP,SUPP,SUPP,171,215,-0.25,-0.09,-0.09,0.06,-0.41,-0.23,178,217,-0.25,-0.09,-0.09,0.06,-0.41,-0.23,SUPP,40,SUPP,0.28,SUPP,0.65,SUPP,-0.09,47,SUPP,95.7%,SUPP,47,SUPP,95.7%,SUPP,SUPP,33,SUPP,93.9%,SUPP,SUPP,SUPP,SUPP,NE,NE,NE,NE
1,27478,38,2,938,6206,126136,E14000534,Arundel and South Downs,,Hurstpierpoint College,College Lane,Hurstpierpoint,,Hassocks,BN6 9JS,01273833636,0,IND,Anglican,,NA,MIXED,0,4-19,0,,,,,317,169,168,45.03,A-,149,45.44,A-,149,38.9%,169,45.04,A-,NE,NE,NE,NE,NE,NE,NE,17,0.0%,17,0.0%,3,SUPP,SUPP,1,SUPP,100.0%,165,37.6%,NA,NA,NA,NA,NA,NA,NA,NA,NA,NA,NA,NA,NA,NA,NA,NA,NA,NA,NA,NA,NA,NA,NE,NE,NE,NA,NA,NA,NA,NA,NE,NE,NA,NA,NA,NA,NA,NA,NA,NA,NA,NA,NA,NA,NA,NA,NA,NA,NA,NA,NA,NA,NA,NA,NA,NA,NA,NA,NA,NA,NA,NA,NA,NA,NA,NA,NA,NA,NA,NA,NA,NA,NA,NA,NA,NA,NA,NA,NA,NA,NA,NA,NA,NA,NA,NA,NA,NA,NA,NA,NA,NA,NA,NA,NA,NA,NA,NA,NA,NA,488,0.38,0.48,0.28,1,567,0.37,0.46,0.28,2,NE,NE,NE,NE,NA,NA,NA,NA,NA,NA,NA,NA,NA,NA,NA,NA,NA,NA,NA,NA,NA,NA,NA,NA,NA,NA,NA,NA,NA,157,164,154,161,44.91,43.02,B+,B+,154,162,45.09,43.1,A-,B+,5,11,SUPP,48.5,SUPP,Dist*,NE,NE,NE,NE,NE,NE,NE,NE,NE,NE,NE,NE,NA,NA,NA,NA,NA,NA,NA,NA,,,,,1,NE,SUPP,NE,1,1,SUPP,SUPP,427,443,0.43,0.34,1,0.54,0.44,0.33,0.24,519,533,0.43,0.32,1,0.53,0.42,0.33,0.22,SUPP,10,SUPP,0.59,NA,SUPP,1.28,SUPP,-0.10,NA,NA,NA,NA,NA,NA,NA,NA,NA,NA,NA,NA,NA,NA,NA,NA,NA,NA,NA,NA,NA,NA,NA,NA,NA,NA,NA,NA,NA,NA,NA,NA,NA,NA,NA,NA,NA,NA,NA,NA,NA,NA,NA,NA,NA,NA,NA,NA,NA,NA,NA,NA,NA,NA,NA,NA,NA,NA,NA,NA,NA,NA,NA,NA,NA,NA,NA,NA,NA,NA,NA,NA,NA,NA,NA,NA,NA,NA,NA,NA,NA,NA,NA,NA,NA,NA,NA,NA,NA,NA,NA,NA,NA,NA,NA,NA,NA,NA,NA,NA,NA,NA,NA,NA,NA,NA,NA,NA,NA,NA,NA,NA,NA,NA,NA,NA,NA,NA,NA,NA,NA,NA,NA,NA,NA,NA,NA,NA,NA,NA,NA,NA,NA,NA,NA,NA,NA,NA,NA,NA,NA,NA,NA,NA,NA,NA,NA,NA,NA,NA,NA,NA,NA,NA,NA,NA,NA,NA,NA,NA,NA,NA,NA,NA,NA,NA,NA,NA,NA,NA,NA,NA,NA,NA,NA,NA,NA,NA,NA,NA,NA,NA,NA,NA,NA,NA,NA,NA,NA,NA,NA,NA,NA,NA,NA,NA,NA,NA,NA,NA,NA,NA,NA,NA
1,27638,38,2,938,4030,126071,E14000652,Crawley,,Ifield Community College,Crawley Avenue,Ifield,,Crawley,RH11 0DB,01293420500,0,CY,Does not apply,NSE,OTHER NON SEL,MIXED,0,11-18,0,,,,,158,108,58,20.82,D,28,17.38,D-,28,0.0%,60,20.90,D,14,16.94,Pass+,12,25.77,Merit,0,28,42.9%,38,60.5%,20,0.44,100.0%,37,0.73,SUPP,55,20.0%,50,66.0%,48.0%,50,44.0%,50,66.0%,48.0%,50,44.0%,21,81.0%,71.4%,21,9.5%,8,87.5%,87.5%,8,87.5%,14,-0.26,NE,NE,NE,NE,NE,1,SUPP,SUPP,NE,NE,28,13,10.87,E,13,10.87,E,SUPP,SUPP,SUPP,SUPP,SUPP,SUPP,SUPP,SUPP,14,0.79,1,SUPP,16,43.8%,16,43.8%,SUPP,SUPP,NE,NE,NE,NE,NE,NE,NE,SUPP,SUPP,80,45,22.25,D+,47,22.30,D+,SUPP,SUPP,SUPP,SUPP,SUPP,SUPP,SUPP,SUPP,23,0.70,13,SUPP,34,76.5%,34,76.5%,SUPP,SUPP,8,87.5%,NE,NE,NE,NE,NE,NE,NE,110,-0.32,-0.12,-0.52,4,115,-0.3,-0.1,-0.5,4,15,-0.48,0,-0.97,3,17,-0.79,-0.26,-1.32,17,-0.79,-0.26,-1.32,SUPP,SUPP,SUPP,SUPP,93,-0.25,-0.03,-0.47,98,-0.23,-0.02,-0.44,SUPP,SUPP,SUPP,SUPP,104,77,66,46,21.20,15.96,D,D-,67,46,20.94,15.96,D,D-,2,43,SUPP,34.15,SUPP,Dist,NE,11,NE,35,NE,Dist,NE,NE,NE,NE,NE,NE,NE,14,NE,-1.01,NE,NE,NE,NE,,,,,23,22,0.43,0.23,30,27,0.33,0.67,144,99,-0.47,-0.58,4,-0.29,-0.34,-0.65,-0.81,148,99,-0.48,-0.58,4,-0.29,-0.34,-0.66,-0.81,SUPP,63,SUPP,-0.03,NA,SUPP,0.28,SUPP,-0.34,68,24,82.4%,91.7%,68,24,82.4%,91.7%,7,35,100.0%,85.7%,NE,4,NE,SUPP,NE,NE,NE,NE,31,25,16,13,16.07,15.43,D-,D-,16,13,15.69,15.43,D-,D-,NE,14,NE,37.13,NE,Dist+,NE,SUPP,NE,SUPP,NE,SUPP,NE,NE,NE,NE,NE,NE,NE,6,NE,-1.07,NE,NE,NE,NE,9,6,0.44,0,11,9,0.45,0.67,37,27,-0.72,-0.37,-0.33,0.09,-1.10,-0.83,39,27,-0.73,-0.37,-0.35,0.09,-1.11,-0.83,NE,19,NE,0.18,NE,0.76,NE,-0.41,19,6,73.7%,100.0%,19,6,73.7%,100.0%,SUPP,16,SUPP,81.3%,NE,SUPP,NE,SUPP,NE,NE,NE,NE,73,52,50,33,22.76,16.14,D+,D-,51,33,22.57,16.14,D+,D-,SUPP,29,SUPP,32.63,SUPP,Dist-,NE,SUPP,NE,SUPP,NE,SUPP,NE,NE,NE,NE,NE,NE,NE,8,NE,-0.97,NE,NE,NE,NE,14,16,0.43,0.31,19,18,0.26,0.67,107,72,-0.40,-0.65,-0.19,-0.38,-0.61,-0.91,109,72,-0.40,-0.65,-0.19,-0.38,-0.60,-0.91,SUPP,44,SUPP,-0.14,SUPP,0.23,SUPP,-0.51,49,18,85.7%,88.9%,49,18,85.7%,88.9%,SUPP,19,SUPP,89.5%,NE,SUPP,NE,SUPP,NE,NE,NE,NE
1,24322,38,2,938,4029,137263,E14000652,Crawley,,Hazelwick School,Hazelwick School Close,Three Bridges,,Crawley,RH10 1SX,01293403344,0,ACC,,NSE,OTHER NON SEL,MIXED,0,11-18,0,,,,,320,171,155,33.62,C+,106,34.31,C+,106,14.2%,155,33.69,C+,35,28.46,Merit+,21,37.62,Dist+,0,36,58.3%,53,66.0%,9,0.67,100.0%,20,0.70,100.0%,146,26.7%,149,99.3%,99.3%,149,88.6%,149,99.3%,99.3%,149,88.6%,16,93.8%,81.3%,16,75.0%,NE,NE,NE,NE,NE,26,0.75,NE,NE,NE,NE,NE,NE,NE,NE,NE,NE,24,19,34.63,C+,19,34.63,C+,8,30.53,Dist-,SUPP,SUPP,SUPP,SUPP,SUPP,SUPP,SUPP,2,SUPP,17,100.0%,17,100.0%,SUPP,SUPP,NE,NE,NE,NE,NE,NE,NE,NE,NE,144,133,33.84,C+,133,33.92,C+,26,28.28,Merit+,SUPP,SUPP,SUPP,SUPP,SUPP,SUPP,SUPP,24,SUPP,129,100.0%,129,100.0%,SUPP,SUPP,NE,NE,NE,NE,NE,NE,NE,NE,NE,407,0.04,0.14,-0.07,3,415,0.04,0.14,-0.07,3,41,0.15,0.42,-0.12,3,50,0.23,0.56,-0.09,50,0.23,0.56,-0.09,9,0.2,0.77,-0.38,357,0.01,0.12,-0.1,365,0.01,0.12,-0.1,32,0.14,0.44,-0.16,209,189,184,177,31.76,34.87,C+,C+,184,177,31.78,34.97,C+,C+,23,5,21.89,SUPP,Merit-,SUPP,20,NE,28.00,NE,Merit+,NE,NE,NE,NE,NE,NE,NE,20,NE,0.77,NE,NE,NE,NE,NE,,,,,25,9,0.30,0.44,34,22,0.50,0.36,529,619,0.09,0.06,3,0.19,0.15,0.00,-0.02,531,628,0.09,0.07,3,0.19,0.16,0.00,-0.02,26,SUPP,-0.01,SUPP,3,0.33,SUPP,-0.35,SUPP,185,178,97.3%,97.2%,185,178,97.3%,97.2%,4,NE,SUPP,NE,1,NE,SUPP,NE,NE,NE,NE,NE,25,10,20,10,27.95,34.58,C-,C+,20,10,27.95,34.58,C-,C+,SUPP,NE,SUPP,NE,SUPP,NE,SUPP,NE,SUPP,NE,SUPP,NE,NE,NE,NE,NE,NE,NE,3,NE,SUPP,NE,NE,NE,NE,NE,SUPP,NE,SUPP,NE,SUPP,SUPP,SUPP,SUPP,53,30,0.16,0.23,0.49,0.65,-0.18,-0.19,53,30,0.16,0.23,0.49,0.65,-0.18,-0.19,SUPP,NE,SUPP,NE,SUPP,NE,SUPP,NE,21,10,90.5%,90.0%,21,10,90.5%,90.0%,NE,NE,NE,NE,NE,NE,NE,NE,NE,NE,NE,NE,178,176,159,164,32.26,34.87,C+,C+,159,164,32.28,34.98,C+,C+,SUPP,SUPP,SUPP,SUPP,SUPP,SUPP,SUPP,NE,SUPP,NE,SUPP,NE,NE,NE,NE,NE,NE,NE,17,NE,SUPP,NE,NE,NE,NE,NE,SUPP,9,SUPP,0.44,SUPP,SUPP,SUPP,SUPP,476,589,0.08,0.06,0.18,0.15,-0.02,-0.04,478,598,0.08,0.06,0.18,0.15,-0.02,-0.03,SUPP,SUPP,SUPP,SUPP,SUPP,SUPP,SUPP,SUPP,158,165,98.7%,97.6%,158,165,98.7%,97.6%,SUPP,NE,SUPP,NE,SUPP,NE,SUPP,NE,NE,NE,NE,NE
1,2366,38,2,938,6200,126133,E14000753,Horsham,,Ardingly College,College Road,Ardingly,,Haywards Heath,RH17 6SQ,01444893000,0,IND,Church of England,,NA,MIXED,0,2-18,0,,,,,254,126,85,44.43,B+,69,44.73,B+,69,21.7%,125,45.46,A-,NE,NE,NE,NE,NE,NE,NE,NE,NE,NE,NE,1,SUPP,SUPP,NE,NE,NE,97,47.4%,NA,NA,NA,NA,NA,NA,NA,NA,NA,NA,NA,NA,NA,NA,NA,NA,NA,NA,NA,NA,NA,NA,NE,NE,NE,NA,NA,NA,NA,NA,NE,NE,NA,NA,NA,NA,NA,NA,NA,NA,NA,NA,NA,NA,NA,NA,NA,NA,NA,NA,NA,NA,NA,NA,NA,NA,NA,NA,NA,NA,NA,NA,NA,NA,NA,NA,NA,NA,NA,NA,NA,NA,NA,NA,NA,NA,NA,NA,NA,NA,NA,NA,NA,NA,NA,NA,NA,NA,NA,NA,NA,NA,NA,NA,NA,NA,NA,NA,NA,NA,206,0.59,0.74,0.45,1,251,0.5,0.64,0.37,1,NE,NE,NE,NE,NA,NA,NA,NA,NA,NA,NA,NA,NA,NA,NA,NA,NA,NA,NA,NA,NA,NA,NA,NA,NA,NA,NA,NA,NA,145,128,85,77,42.52,42.3,B+,B+,129,123,45.01,42.83,A-,B+,4,NE,SUPP,NE,SUPP,NE,NE,NE,NE,NE,NE,NE,NE,NE,NE,NE,NE,NE,NA,NA,NA,NA,NA,NA,NA,NA,,,,,NE,NE,NE,NE,NE,NE,NE,NE,200,209,0.49,0.26,1,0.64,0.41,0.34,0.11,267,246,0.44,0.04,1,0.57,0.21,0.30,-0.13,SUPP,NE,SUPP,NE,NA,SUPP,NE,SUPP,NE,NA,NA,NA,NA,NA,NA,NA,NA,NA,NA,NA,NA,NA,NA,NA,NA,NA,NA,NA,NA,NA,NA,NA,NA,NA,NA,NA,NA,NA,NA,NA,NA,NA,NA,NA,NA,NA,NA,NA,NA,NA,NA,NA,NA,NA,NA,NA,NA,NA,NA,NA,NA,NA,NA,NA,NA,NA,NA,NA,NA,NA,NA,NA,NA,NA,NA,NA,NA,NA,NA,NA,NA,NA,NA,NA,NA,NA,NA,NA,NA,NA,NA,NA,NA,NA,NA,NA,NA,NA,NA,NA,NA,NA,NA,NA,NA,NA,NA,NA,NA,NA,NA,NA,NA,NA,NA,NA,NA,NA,NA,NA,NA,NA,NA,NA,NA,NA,NA,NA,NA,NA,NA,NA,NA,NA,NA,NA,NA,NA,NA,NA,NA,NA,NA,NA,NA,NA,NA,NA,NA,NA,NA,NA,NA,NA,NA,NA,NA,NA,NA,NA,NA,NA,NA,NA,NA,NA,NA,NA,NA,NA,NA,NA,NA,NA,NA,NA,NA,NA,NA,NA,NA,NA,NA,NA,NA,NA,NA,NA,NA,NA,NA,NA,NA,NA,NA,NA,NA,NA,NA,NA,NA,NA,NA,NA,NA,NA,NA,NA,NA,NA,NA,NA,NA
1,22000,38,2,938,8003,130842,E14001055,Worthing West,,Greater Brighton Metropolitan College,Littlehampton Road,,,Worthing,BN12 6NU,01273667788,0,General Further Education College,Does not apply,NA,NA,MIXED,0,16+,0,,,,,3197,1748,4,SUPP,SUPP,NE,NE,NE,NE,NE,10,16.93,D-,14,23.94,Merit,47,23.88,Merit,0,926,5.1%,894,1.7%,494,0.04,75.3%,643,0.09,82.3%,65,4.6%,NE,NE,NE,NE,NE,4,SUPP,SUPP,4,SUPP,19,84.2%,73.7%,18,61.1%,49,93.9%,91.8%,44,88.6%,56,0.06,36,6.21,L2Merit+,56,0.21,61,91.8%,55.7%,534,6.4%,453,NE,NE,NE,SUPP,SUPP,SUPP,SUPP,SUPP,SUPP,14,21.82,Merit-,223,-0.06,251,-0.04,17,-0.11,NE,NE,SUPP,SUPP,7,85.7%,14,92.9%,7,6.57,L2Dist-,9,0.75,13,92.3%,1209,SUPP,SUPP,SUPP,SUPP,SUPP,SUPP,SUPP,SUPP,SUPP,33,24.84,Merit,271,0.12,391,0.16,39,0.13,NE,NE,SUPP,SUPP,12,83.3%,35,94.3%,28,6.14,L2Merit,46,0.11,47,91.5%,SUPP,SUPP,SUPP,SUPP,NA,14,-0.71,-0.02,-1.4,5,14,-0.41,0.05,-0.88,3,NE,NE,NE,NE,SUPP,SUPP,SUPP,SUPP,SUPP,SUPP,SUPP,SUPP,SUPP,SUPP,SUPP,SUPP,SUPP,SUPP,SUPP,SUPP,SUPP,SUPP,SUPP,SUPP,1884,978,11,4,31.30,SUPP,C,SUPP,14,22,30.00,24.42,C,D+,11,328,20.19,32.8,Merit-,Dist-,27,126,23.63,30.59,Merit,Dist-,151,109,5.91,5.75,L2Merit,L2Merit-,31,87,-0.28,0.12,26,17,-0.47,-0.11,,,,,536,321,0.03,0.14,711,408,-0.04,-0.3,12,SUPP,-0.08,SUPP,3,0.55,SUPP,-0.70,SUPP,15,23,-0.16,-0.33,3,0.43,0.33,-0.75,-0.99,10,316,0.02,0.15,3,0.55,0.30,-0.51,0.00,NE,NE,NE,NE,NE,NE,NE,NE,14,364,85.7%,93.1%,33,127,93.9%,94.5%,170,105,85.3%,85.7%,484,260,NE,NE,NE,NE,NE,NE,SUPP,NE,SUPP,NE,SUPP,NE,SUPP,49,SUPP,32.02,SUPP,Dist-,6,24,25.00,30.99,Merit,Dist-,47,31,6.01,5.9,L2Merit,L2Merit,10,23,-0.07,0.07,5,4,SUPP,SUPP,224,125,-0.22,-0.06,271,143,-0.18,-0.45,NE,NE,NE,NE,NE,NE,NE,NE,SUPP,NE,SUPP,NE,SUPP,NE,SUPP,NE,SUPP,49,SUPP,0.31,SUPP,0.68,SUPP,-0.06,NE,NE,NE,NE,NE,NE,NE,NE,SUPP,59,SUPP,86.4%,9,27,88.9%,85.2%,64,37,81.3%,70.3%,1315,701,11,SUPP,31.30,SUPP,C,SUPP,SUPP,22,SUPP,24.42,SUPP,D+,SUPP,269,SUPP,32.86,SUPP,Dist-,21,102,23.29,30.49,Merit-,Dist-,101,77,5.87,5.69,L2Merit,L2Merit-,20,64,-0.30,0.14,20,13,SUPP,SUPP,311,196,0.22,0.28,438,265,0.05,-0.22,12,SUPP,-0.08,SUPP,0.55,SUPP,-0.70,SUPP,SUPP,23,SUPP,-0.33,SUPP,0.33,SUPP,-0.99,SUPP,267,SUPP,0.12,SUPP,0.28,SUPP,-0.04,NE,NE,NE,NE,NE,NE,NE,NE,SUPP,297,SUPP,94.3%,23,100,95.7%,97.0%,103,68,87.4%,94.1%
1,26628,38,2,938,4606,126098,E14000652,Crawley,,"Holy Trinity CofE Secondary School, Crawley",Buckswood Drive,Gossops Green,,Crawley,RH11 8JE,01293423690,0,VA,Church of England,NSE,OTHER NON SEL,MIXED,0,11-18,0,,,,,198,117,86,32.94,C+,75,30.31,C,75,10.7%,87,32.87,C+,NE,NE,NE,1,SUPP,SUPP,SUPP,25,4.0%,24,0.0%,7,-0.19,SUPP,17,0.12,SUPP,81,34.6%,95,82.1%,82.1%,95,80.0%,96,82.3%,82.3%,96,79.2%,4,SUPP,SUPP,3,SUPP,1,SUPP,SUPP,1,SUPP,2,SUPP,NE,NE,NE,NE,NE,NE,NE,NE,4,SUPP,18,14,38.77,B,14,38.77,B,NE,NE,NE,NE,NE,NE,NE,NE,SUPP,SUPP,NE,NE,17,70.6%,17,70.6%,SUPP,SUPP,NE,NE,NE,NE,NE,NE,NE,NE,NE,98,71,31.67,C+,72,31.61,C,NE,NE,NE,SUPP,SUPP,SUPP,7,-0.19,SUPP,SUPP,2,SUPP,77,84.4%,78,84.6%,SUPP,SUPP,SUPP,SUPP,NE,NE,NE,NE,NE,NE,NE,230,0.19,0.33,0.05,2,243,0.18,0.32,0.04,2,NE,NE,NE,NE,NA,39,0.61,0.98,0.24,39,0.61,0.98,0.24,NE,NE,NE,NE,191,0.1,0.26,-0.05,204,0.1,0.25,-0.05,NE,NE,NE,NE,135,99,110,84,27.74,28.65,C-,C,110,84,27.89,28.74,C-,C,NE,27,NE,36.33,NE,Dist,10,3,33.50,SUPP,Dist,SUPP,NE,NE,NE,NE,NE,NE,10,3,1.97,SUPP,NE,NE,NE,NE,,,,,8,12,0.25,1.08,25,11,0.48,0.64,282,245,-0.25,-0.25,4,-0.13,-0.11,-0.37,-0.39,290,251,-0.24,-0.25,4,-0.12,-0.11,-0.36,-0.39,NE,34,NE,-0.25,NA,NE,0.18,NE,-0.68,108,72,90.7%,95.8%,108,72,90.7%,95.8%,NE,12,NE,91.7%,5,2,SUPP,SUPP,NE,NE,NE,NE,17,9,11,8,13.42,27.62,E+,C-,11,8,13.42,28.08,E+,C-,NE,SUPP,NE,SUPP,NE,SUPP,SUPP,NE,SUPP,NE,SUPP,NE,NE,NE,NE,NE,NE,NE,1,NE,SUPP,NE,NE,NE,NE,NE,SUPP,SUPP,SUPP,SUPP,SUPP,SUPP,SUPP,SUPP,21,23,-1.01,-0.21,-0.53,0.26,-1.49,-0.68,21,24,-1.01,-0.19,-0.53,0.28,-1.49,-0.66,NE,SUPP,NE,SUPP,NE,SUPP,NE,SUPP,13,7,69.2%,100.0%,13,7,69.2%,100.0%,NE,SUPP,NE,SUPP,NE,NE,NE,NE,NE,NE,NE,NE,117,89,99,75,28.85,28.54,C,C,99,75,28.99,28.6,C,C,NE,SUPP,NE,SUPP,NE,SUPP,SUPP,SUPP,SUPP,SUPP,SUPP,SUPP,NE,NE,NE,NE,NE,NE,9,3,SUPP,SUPP,NE,NE,NE,NE,SUPP,SUPP,SUPP,SUPP,SUPP,SUPP,SUPP,SUPP,261,222,-0.19,-0.25,-0.07,-0.11,-0.32,-0.40,269,227,-0.18,-0.25,-0.06,-0.11,-0.31,-0.40,NE,SUPP,NE,SUPP,NE,SUPP,NE,SUPP,95,64,93.7%,95.3%,95,64,93.7%,95.3%,NE,SUPP,NE,SUPP,SUPP,SUPP,SUPP,SUPP,NE,NE,NE,NE
1,35390,38,2,938,6913,135760,E14000633,Chichester,,Midhurst Rother College,North Street,,,Midhurst,GU29 9DT,01730812451,0,AC,Does not apply,NSE,OTHER NON SEL,MIXED,0,11-18,0,,,,,97,60,53,30.72,C,37,34.23,C+,37,13.5%,53,31.04,C,17,26.35,Merit,NE,NE,NE,NE,1,SUPP,18,94.4%,3,SUPP,100.0%,2,SUPP,100.0%,54,25.9%,41,92.7%,90.2%,40,90.0%,41,92.7%,90.2%,40,90.0%,18,94.4%,94.4%,18,94.4%,NE,NE,NE,NE,NE,NE,NE,NE,NE,NE,NE,NE,NE,NE,NE,NE,NE,SUPP,SUPP,SUPP,SUPP,SUPP,SUPP,SUPP,NE,NE,NE,NE,NE,NE,NE,NE,NE,NE,NE,NE,SUPP,SUPP,SUPP,SUPP,NE,NE,NE,NE,NE,NE,NE,NE,NE,NE,NE,SUPP,SUPP,SUPP,SUPP,SUPP,SUPP,SUPP,17,26.35,Merit,NE,NE,NE,SUPP,SUPP,SUPP,SUPP,NE,NE,SUPP,SUPP,SUPP,SUPP,18,94.4%,NE,NE,NE,NE,NE,NE,NE,NE,NE,139,-0.08,0.1,-0.26,3,148,-0.07,0.1,-0.25,3,17,-0.19,0.26,-0.63,3,SUPP,SUPP,SUPP,SUPP,SUPP,SUPP,SUPP,SUPP,NE,NE,NE,NE,SUPP,SUPP,SUPP,SUPP,SUPP,SUPP,SUPP,SUPP,17,-0.19,0.26,-0.64,41,52,36,45,28.10,32.37,C-,C+,36,49,28.69,32.66,C,C+,14,18,30.82,43.27,Dist-,Dist*-,NE,4,NE,SUPP,NE,SUPP,NE,NE,NE,NE,NE,NE,NE,5,NE,SUPP,NE,NE,NE,NE,,,,,5,3,SUPP,SUPP,2,4,SUPP,SUPP,79,134,-0.15,0.46,3,0.09,0.66,-0.39,0.27,94,170,-0.11,0.45,3,0.12,0.63,-0.34,0.27,19,22,0.39,0.54,3,0.83,1.05,-0.05,0.03,33,31,93.9%,96.8%,33,31,93.9%,96.8%,8,12,87.5%,100.0%,NE,3,NE,SUPP,NE,NE,NE,NE,SUPP,SUPP,SUPP,SUPP,SUPP,SUPP,SUPP,SUPP,SUPP,SUPP,SUPP,SUPP,SUPP,SUPP,SUPP,SUPP,SUPP,SUPP,SUPP,SUPP,NE,NE,NE,NE,NE,NE,NE,NE,NE,NE,NE,NE,NE,NE,NE,NE,NE,NE,NE,NE,SUPP,NE,SUPP,NE,NE,NE,NE,NE,6,SUPP,0.16,SUPP,1.04,SUPP,-0.73,SUPP,7,SUPP,0.11,SUPP,0.95,SUPP,-0.74,SUPP,SUPP,SUPP,SUPP,SUPP,SUPP,SUPP,SUPP,SUPP,SUPP,NE,SUPP,NE,SUPP,NE,SUPP,NE,SUPP,SUPP,SUPP,SUPP,NE,NE,NE,NE,NE,NE,NE,NE,SUPP,SUPP,SUPP,SUPP,SUPP,SUPP,SUPP,SUPP,SUPP,SUPP,SUPP,SUPP,SUPP,SUPP,SUPP,SUPP,SUPP,SUPP,SUPP,SUPP,NE,SUPP,NE,SUPP,NE,SUPP,NE,NE,NE,NE,NE,NE,NE,5,NE,SUPP,NE,NE,NE,NE,SUPP,SUPP,SUPP,SUPP,SUPP,SUPP,SUPP,SUPP,73,SUPP,-0.18,SUPP,0.07,SUPP,-0.43,SUPP,87,SUPP,-0.13,SUPP,0.11,SUPP,-0.36,SUPP,SUPP,SUPP,SUPP,SUPP,SUPP,SUPP,SUPP,SUPP,SUPP,31,SUPP,96.8%,SUPP,31,SUPP,96.8%,SUPP,SUPP,SUPP,SUPP,NE,SUPP,NE,SUPP,NE,NE,NE,NE
1,27706,38,2,938,4106,126088,E14000817,Mid Sussex,,Imberhorne School,Imberhorne Lane,,,East Grinstead,RH19 1QY,01342323562,0,CY,Does not apply,NSE,OTHER NON SEL,MIXED,0,11-18,0,,,,,306,184,143,35.47,B-,100,34.63,C+,100,18.0%,143,35.74,B-,47,33.54,Dist,NE,NE,NE,NE,9,0.0%,52,90.4%,10,1.23,100.0%,13,0.46,SUPP,149,25.5%,141,86.5%,84.4%,141,85.1%,141,86.5%,84.4%,141,85.1%,22,90.9%,72.7%,22,90.9%,NE,NE,NE,NE,NE,NE,NE,NE,NE,NE,NE,NE,NE,NE,NE,14,0.0%,9,SUPP,SUPP,SUPP,SUPP,SUPP,SUPP,NE,NE,NE,NE,NE,NE,NE,NE,SUPP,SUPP,NE,NE,SUPP,SUPP,SUPP,SUPP,SUPP,SUPP,NE,NE,NE,NE,NE,NE,NE,NE,NE,174,SUPP,SUPP,SUPP,SUPP,SUPP,SUPP,47,33.54,Dist,NE,NE,NE,10,1.23,SUPP,SUPP,NE,NE,SUPP,SUPP,SUPP,SUPP,SUPP,SUPP,NE,NE,NE,NE,NE,NE,NE,NE,NE,352,0.15,0.26,0.04,2,369,0.17,0.28,0.06,2,53,0.42,0.65,0.18,2,14,0.23,0.84,-0.37,14,0.23,0.84,-0.37,NE,NE,NE,NE,338,0.15,0.26,0.03,355,0.16,0.28,0.05,53,0.42,0.65,0.18,167,178,139,162,33.18,30.72,C+,C,139,162,33.74,31.09,C+,C,46,64,31.03,40.35,Dist-,Dist+,NE,NE,NE,NE,NE,NE,NE,NE,NE,NE,NE,NE,NE,NE,NE,NE,NE,NE,NE,NE,,,,,15,4,0.93,SUPP,21,27,0.79,0.78,348,487,0.03,-0.02,3,0.14,0.08,-0.09,-0.12,377,511,0.07,0.00,3,0.18,0.10,-0.05,-0.10,51,65,0.04,0.00,3,0.29,0.28,-0.20,-0.27,122,145,94.3%,95.2%,122,145,94.3%,95.2%,23,22,91.3%,90.9%,NE,NE,NE,NE,NE,NE,NE,NE,8,8,SUPP,7,SUPP,20.77,SUPP,D,SUPP,7,SUPP,20.77,SUPP,D,SUPP,SUPP,SUPP,SUPP,SUPP,SUPP,NE,NE,NE,NE,NE,NE,NE,NE,NE,NE,NE,NE,NE,NE,NE,NE,NE,NE,NE,NE,SUPP,NE,SUPP,NE,NE,SUPP,NE,SUPP,14,19,-0.10,-0.02,0.48,0.51,-0.67,-0.56,17,19,-0.02,-0.02,0.52,0.51,-0.57,-0.56,SUPP,SUPP,SUPP,SUPP,SUPP,SUPP,SUPP,SUPP,SUPP,7,SUPP,85.7%,SUPP,7,SUPP,85.7%,SUPP,NE,SUPP,NE,NE,NE,NE,NE,NE,NE,NE,NE,157,170,SUPP,155,SUPP,31.05,SUPP,C,SUPP,155,SUPP,31.43,SUPP,C,SUPP,SUPP,SUPP,SUPP,SUPP,SUPP,NE,NE,NE,NE,NE,NE,NE,NE,NE,NE,NE,NE,NE,NE,NE,NE,NE,NE,NE,NE,SUPP,SUPP,SUPP,SUPP,21,SUPP,0.79,SUPP,334,468,0.03,-0.02,0.15,0.08,-0.08,-0.12,360,492,0.07,0.00,0.18,0.10,-0.04,-0.10,SUPP,SUPP,SUPP,SUPP,SUPP,SUPP,SUPP,SUPP,SUPP,138,SUPP,95.7%,SUPP,138,SUPP,95.7%,SUPP,22,SUPP,90.9%,NE,NE,NE,NE,NE,NE,NE,NE
1,55886,38,2,938,6094,126119,E14000534,Arundel and South Downs,,Slindon College,Top Road,Slindon,Slindon House,Arundel,BN18 0RH,01243814320,0,IND,Church of England,,NA,BOYS,0,7-18,0,,,,,12,4,1,SUPP,SUPP,NE,NE,NE,NE,NE,1,SUPP,SUPP,NE,NE,NE,NE,NE,NE,NE,NE,NE,NE,NE,4,SUPP,100.0%,4,SUPP,100.0%,NE,NE,NA,NA,NA,NA,NA,NA,NA,NA,NA,NA,NA,NA,NA,NA,NA,NA,NA,NA,NA,NA,NA,NA,NE,NE,NE,NA,NA,NA,NA,NA,NE,NE,NA,NA,NA,NA,NA,NA,NA,NA,NA,NA,NA,NA,NA,NA,NA,NA,NA,NA,NA,NA,NA,NA,NA,NA,NA,NA,NA,NA,NA,NA,NA,NA,NA,NA,NA,NA,NA,NA,NA,NA,NA,NA,NA,NA,NA,NA,NA,NA,NA,NA,NA,NA,NA,NA,NA,NA,NA,NA,NA,NA,NA,NA,NA,NA,NA,NA,NA,NA,SUPP,SUPP,SUPP,SUPP,NA,SUPP,SUPP,SUPP,SUPP,NA,NE,NE,NE,NE,NA,NA,NA,NA,NA,NA,NA,NA,NA,NA,NA,NA,NA,NA,NA,NA,NA,NA,NA,NA,NA,NA,NA,NA,NA,7,14,5,7,SUPP,38.13,SUPP,B-,5,7,SUPP,38.13,SUPP,B-,NE,4,NE,SUPP,NE,SUPP,NE,NE,NE,NE,NE,NE,NE,NE,NE,NE,NE,NE,NA,NA,NA,NA,NA,NA,NA,NA,,,,,1,12,SUPP,-0.5,3,10,SUPP,0.85,13,10,0.12,1.22,3,0.78,2,-0.54,0.44,13,10,0.12,1.22,3,0.78,2.00,-0.54,0.44,NE,SUPP,NE,SUPP,NA,NE,SUPP,NE,SUPP,NA,NA,NA,NA,NA,NA,NA,NA,NA,NA,NA,NA,NA,NA,NA,NA,NA,NA,NA,NA,NA,NA,NA,NA,NA,NA,NA,NA,NA,NA,NA,NA,NA,NA,NA,NA,NA,NA,NA,NA,NA,NA,NA,NA,NA,NA,NA,NA,NA,NA,NA,NA,NA,NA,NA,NA,NA,NA,NA,NA,NA,NA,NA,NA,NA,NA,NA,NA,NA,NA,NA,NA,NA,NA,NA,NA,NA,NA,NA,NA,NA,NA,NA,NA,NA,NA,NA,NA,NA,NA,NA,NA,NA,NA,NA,NA,NA,NA,NA,NA,NA,NA,NA,NA,NA,NA,NA,NA,NA,NA,NA,NA,NA,NA,NA,NA,NA,NA,NA,NA,NA,NA,NA,NA,NA,NA,NA,NA,NA,NA,NA,NA,NA,NA,NA,NA,NA,NA,NA,NA,NA,NA,NA,NA,NA,NA,NA,NA,NA,NA,NA,NA,NA,NA,NA,NA,NA,NA,NA,NA,NA,NA,NA,NA,NA,NA,NA,NA,NA,NA,NA,NA,NA,NA,NA,NA,NA,NA,NA,NA,NA,NA,NA,NA,NA,NA,NA,NA,NA,NA,NA,NA,NA,NA,NA,NA,NA,NA,NA,NA,NA,NA,NA,NA
1,44634,38,2,938,4005,137782,E14000576,Bognor Regis and Littlehampton,,The Regis School,Westloats Lane,Bognor Regis,,West Sussex,PO21 5LH,01243871010,0,AC,,NSE,OTHER NON SEL,MIXED,0,11-19,0,,,,,159,100,72,30.13,C,41,31.30,C,41,9.8%,72,30.51,C,36,34.20,Dist,NE,NE,NE,NE,7,0.0%,38,94.7%,6,0.50,100.0%,11,0.00,100.0%,77,11.7%,61,83.6%,83.6%,61,83.6%,61,83.6%,83.6%,61,83.6%,32,65.6%,65.6%,32,65.6%,NE,NE,NE,NE,NE,NE,NE,NE,NE,NE,NE,NE,NE,NE,NE,NE,NE,19,12,32.22,C+,12,32.46,C+,6,30.43,Dist-,NE,NE,NE,SUPP,SUPP,SUPP,SUPP,NE,NE,12,50.0%,12,50.0%,7,42.9%,NE,NE,NE,NE,NE,NE,NE,NE,NE,81,60,29.78,C,60,30.19,C,30,34.96,Dist,NE,NE,NE,SUPP,SUPP,SUPP,SUPP,NE,NE,49,91.8%,49,91.8%,25,72.0%,NE,NE,NE,NE,NE,NE,NE,NE,NE,168,0.01,0.18,-0.15,3,181,0.02,0.18,-0.14,3,42,0.39,0.67,0.1,2,27,0.48,0.93,0.04,28,0.49,0.92,0.05,8,0.39,1.04,-0.26,141,-0.06,0.11,-0.24,153,-0.06,0.11,-0.23,34,0.39,0.7,0.07,101,102,63,69,28.57,28.61,C,C,63,69,29.19,28.78,C,C,39,53,28.76,42.36,Merit+,Dist*-,NE,NE,NE,NE,NE,NE,NE,NE,NE,NE,NE,NE,NE,2,NE,SUPP,NE,NE,NE,NE,,,,,3,14,SUPP,0.79,16,15,-0.19,0.53,167,196,-0.16,0.07,3,0.01,0.23,-0.32,-0.09,186,205,-0.13,0.06,3,0.03,0.22,-0.30,-0.10,42,62,0.03,0.68,3,0.33,0.98,-0.28,0.38,66,54,80.3%,94.4%,66,54,80.3%,94.4%,21,47,85.7%,74.5%,NE,NE,NE,NE,NE,NE,NE,NE,18,22,7,12,23.85,32.81,D+,C+,7,12,24.56,33.16,D+,C+,7,9,24.66,37.55,Merit,Dist+,NE,NE,NE,NE,NE,NE,NE,NE,NE,NE,NE,NE,NE,1,NE,SUPP,NE,NE,NE,NE,SUPP,SUPP,SUPP,SUPP,SUPP,SUPP,SUPP,SUPP,21,38,-0.60,0.36,-0.09,0.74,-1.11,-0.02,24,40,-0.56,0.36,-0.06,0.73,-1.05,-0.02,8,11,-0.32,0.64,0.38,1.35,-1.02,-0.07,9,12,66.7%,83.3%,9,12,66.7%,83.3%,6,9,83.3%,88.9%,NE,NE,NE,NE,NE,NE,NE,NE,83,80,56,57,29.26,27.69,C,C-,56,57,29.86,27.82,C,C-,32,44,29.82,43.56,Merit+,Dist*-,NE,NE,NE,NE,NE,NE,NE,NE,NE,NE,NE,NE,NE,1,NE,SUPP,NE,NE,NE,NE,SUPP,SUPP,SUPP,SUPP,SUPP,SUPP,SUPP,SUPP,146,158,-0.09,0.01,0.08,0.18,-0.27,-0.17,162,165,-0.07,0.00,0.10,0.17,-0.24,-0.18,34,51,0.12,0.69,0.45,1.02,-0.22,0.36,57,42,82.5%,97.6%,57,42,82.5%,97.6%,15,38,86.7%,71.1%,NE,NE,NE,NE,NE,NE,NE,NE
1,30708,38,2,938,6013,126108,E14000682,East Worthing and Shoreham,,Lancing College,,,,Lancing,BN15 0RW,01273452213,0,IND,Church of England,,NA,MIXED,0,12-18,0,,,,,265,127,123,39.60,B,107,39.97,B,107,32.7%,123,39.71,B,1,SUPP,SUPP,NE,NE,NE,NE,4,SUPP,5,SUPP,3,SUPP,SUPP,1,SUPP,100.0%,103,45.6%,NA,NA,NA,NA,NA,NA,NA,NA,NA,NA,NA,NA,NA,NA,NA,NA,NA,NA,NA,NA,NA,NA,NE,NE,NE,NA,NA,NA,NA,NA,NE,NE,NA,NA,NA,NA,NA,NA,NA,NA,NA,NA,NA,NA,NA,NA,NA,NA,NA,NA,NA,NA,NA,NA,NA,NA,NA,NA,NA,NA,NA,NA,NA,NA,NA,NA,NA,NA,NA,NA,NA,NA,NA,NA,NA,NA,NA,NA,NA,NA,NA,NA,NA,NA,NA,NA,NA,NA,NA,NA,NA,NA,NA,NA,NA,NA,NA,NA,NA,NA,310,0.34,0.46,0.22,2,330,0.35,0.46,0.23,2,SUPP,SUPP,SUPP,SUPP,NA,NA,NA,NA,NA,NA,NA,NA,NA,NA,NA,NA,NA,NA,NA,NA,NA,NA,NA,NA,NA,NA,NA,NA,NA,131,138,130,138,41.36,40.49,B,B,130,138,41.49,40.48,B,B,NE,2,NE,SUPP,NE,SUPP,NE,NE,NE,NE,NE,NE,NE,NE,NE,NE,NE,NE,NA,NA,NA,NA,NA,NA,NA,NA,,,,,4,NE,SUPP,NE,1,2,SUPP,SUPP,314,429,0.20,0.33,2,0.33,0.44,0.08,0.23,336,450,0.21,0.34,2,0.33,0.44,0.09,0.23,NE,SUPP,NE,SUPP,NA,NE,SUPP,NE,SUPP,NA,NA,NA,NA,NA,NA,NA,NA,NA,NA,NA,NA,NA,NA,NA,NA,NA,NA,NA,NA,NA,NA,NA,NA,NA,NA,NA,NA,NA,NA,NA,NA,NA,NA,NA,NA,NA,NA,NA,NA,NA,NA,NA,NA,NA,NA,NA,NA,NA,NA,NA,NA,NA,NA,NA,NA,NA,NA,NA,NA,NA,NA,NA,NA,NA,NA,NA,NA,NA,NA,NA,NA,NA,NA,NA,NA,NA,NA,NA,NA,NA,NA,NA,NA,NA,NA,NA,NA,NA,NA,NA,NA,NA,NA,NA,NA,NA,NA,NA,NA,NA,NA,NA,NA,NA,NA,NA,NA,NA,NA,NA,NA,NA,NA,NA,NA,NA,NA,NA,NA,NA,NA,NA,NA,NA,NA,NA,NA,NA,NA,NA,NA,NA,NA,NA,NA,NA,NA,NA,NA,NA,NA,NA,NA,NA,NA,NA,NA,NA,NA,NA,NA,NA,NA,NA,NA,NA,NA,NA,NA,NA,NA,NA,NA,NA,NA,NA,NA,NA,NA,NA,NA,NA,NA,NA,NA,NA,NA,NA,NA,NA,NA,NA,NA,NA,NA,NA,NA,NA,NA,NA,NA,NA,NA,NA,NA,NA,NA,NA,NA,NA,NA,NA,NA
1,40502,38,2,938,6030,126115,E14001055,Worthing West,,Our Lady of Sion School,Gratwicke Road,,,Worthing,BN11 4BL,01903204063,0,IND,Roman Catholic,,NA,MIXED,0,3-19,0,,,,,68,29,29,35.30,B-,25,37.07,B-,25,8.0%,29,36.05,B-,NE,NE,NE,NE,NE,NE,NE,NE,NE,NE,NE,NE,NE,NE,NE,NE,NE,29,20.7%,NA,NA,NA,NA,NA,NA,NA,NA,NA,NA,NA,NA,NA,NA,NA,NA,NA,NA,NA,NA,NA,NA,NE,NE,NE,NA,NA,NA,NA,NA,NE,NE,NA,NA,NA,NA,NA,NA,NA,NA,NA,NA,NA,NA,NA,NA,NA,NA,NA,NA,NA,NA,NA,NA,NA,NA,NA,NA,NA,NA,NA,NA,NA,NA,NA,NA,NA,NA,NA,NA,NA,NA,NA,NA,NA,NA,NA,NA,NA,NA,NA,NA,NA,NA,NA,NA,NA,NA,NA,NA,NA,NA,NA,NA,NA,NA,NA,NA,NA,NA,85,-0.17,0.05,-0.39,3,97,-0.11,0.1,-0.33,3,NE,NE,NE,NE,NA,NA,NA,NA,NA,NA,NA,NA,NA,NA,NA,NA,NA,NA,NA,NA,NA,NA,NA,NA,NA,NA,NA,NA,NA,29,22,29,22,40.65,40.64,B,B,29,22,40.98,40.76,B,B,NE,NE,NE,NE,NE,NE,NE,NE,NE,NE,NE,NE,NE,NE,NE,NE,NE,NE,NA,NA,NA,NA,NA,NA,NA,NA,,,,,NE,NE,NE,NE,NE,NE,NE,NE,91,77,0.56,0.36,1,0.79,0.62,0.33,0.1,99,79,0.57,0.36,1,0.80,0.62,0.35,0.10,NE,NE,NE,NE,NA,NE,NE,NE,NE,NA,NA,NA,NA,NA,NA,NA,NA,NA,NA,NA,NA,NA,NA,NA,NA,NA,NA,NA,NA,NA,NA,NA,NA,NA,NA,NA,NA,NA,NA,NA,NA,NA,NA,NA,NA,NA,NA,NA,NA,NA,NA,NA,NA,NA,NA,NA,NA,NA,NA,NA,NA,NA,NA,NA,NA,NA,NA,NA,NA,NA,NA,NA,NA,NA,NA,NA,NA,NA,NA,NA,NA,NA,NA,NA,NA,NA,NA,NA,NA,NA,NA,NA,NA,NA,NA,NA,NA,NA,NA,NA,NA,NA,NA,NA,NA,NA,NA,NA,NA,NA,NA,NA,NA,NA,NA,NA,NA,NA,NA,NA,NA,NA,NA,NA,NA,NA,NA,NA,NA,NA,NA,NA,NA,NA,NA,NA,NA,NA,NA,NA,NA,NA,NA,NA,NA,NA,NA,NA,NA,NA,NA,NA,NA,NA,NA,NA,NA,NA,NA,NA,NA,NA,NA,NA,NA,NA,NA,NA,NA,NA,NA,NA,NA,NA,NA,NA,NA,NA,NA,NA,NA,NA,NA,NA,NA,NA,NA,NA,NA,NA,NA,NA,NA,NA,NA,NA,NA,NA,NA,NA,NA,NA,NA,NA,NA,NA,NA,NA,NA,NA,NA,NA,NA
1,52444,38,2,938,4610,126101,E14000817,Mid Sussex,,St Paul's Catholic College,Jane Murray Way,,,Burgess Hill,RH15 8GA,01444873898,0,VA,Roman Catholic,NSE,OTHER NON SEL,MIXED,0,11-18,0,,,,,340,165,145,33.03,C+,95,37.09,B-,95,7.4%,145,33.02,C+,37,34.89,Dist,8,32.50,Dist-,0,8,100.0%,37,100.0%,5,SUPP,SUPP,11,0.64,100.0%,146,18.5%,113,95.6%,94.7%,113,87.6%,113,95.6%,94.7%,113,87.6%,26,96.2%,69.2%,26,65.4%,8,100.0%,100.0%,7,100.0%,8,0.68,NE,NE,NE,NE,NE,NE,NE,NE,6,0.0%,10,8,35.22,B-,8,35.22,B-,SUPP,SUPP,SUPP,NE,NE,NE,SUPP,SUPP,SUPP,SUPP,NE,NE,SUPP,SUPP,SUPP,SUPP,SUPP,SUPP,NE,NE,NE,NE,NE,NE,NE,NE,NE,155,137,32.90,C+,137,32.89,C+,SUPP,SUPP,SUPP,8,32.50,Dist-,SUPP,SUPP,SUPP,SUPP,8,0.68,SUPP,SUPP,SUPP,SUPP,SUPP,SUPP,8,100.0%,NE,NE,NE,NE,NE,NE,NE,468,0.13,0.23,0.03,2,474,0.13,0.23,0.03,2,47,0.34,0.58,0.11,2,27,0.39,0.85,-0.06,27,0.39,0.85,-0.06,SUPP,SUPP,SUPP,SUPP,441,0.11,0.21,0.01,447,0.11,0.21,0.01,SUPP,SUPP,SUPP,SUPP,175,178,159,168,34.05,34.55,C+,C+,159,168,34.05,34.55,C+,C+,36,37,28.89,44.01,Merit+,Dist*-,13,10,30.00,40.88,Dist-,Dist+,NE,NE,NE,NE,NE,NE,NE,11,NE,0.84,NE,NE,NE,NE,,,,,4,NE,SUPP,NE,14,8,0.71,0.69,553,594,0.17,0.08,2,0.26,0.18,0.07,-0.01,553,594,0.17,0.08,2,0.26,0.18,0.07,-0.01,41,48,0.10,0.47,3,0.38,0.79,-0.17,0.15,145,130,97.2%,98.5%,145,130,97.2%,98.5%,17,27,94.1%,100.0%,NE,8,NE,100.0%,NE,NE,NE,NE,9,11,SUPP,11,SUPP,32.16,SUPP,C+,SUPP,11,SUPP,32.16,SUPP,C+,SUPP,SUPP,SUPP,SUPP,SUPP,SUPP,SUPP,NE,SUPP,NE,SUPP,NE,NE,NE,NE,NE,NE,NE,NE,NE,NE,NE,NE,NE,NE,NE,NE,NE,NE,NE,SUPP,SUPP,SUPP,SUPP,12,34,-0.03,0.06,0.59,0.47,-0.65,-0.35,12,34,-0.03,0.06,0.59,0.47,-0.65,-0.35,6,SUPP,0.42,SUPP,1.17,SUPP,-0.32,SUPP,SUPP,8,SUPP,100.0%,SUPP,8,SUPP,100.0%,SUPP,SUPP,SUPP,SUPP,NE,NE,NE,NE,NE,NE,NE,NE,166,167,SUPP,157,SUPP,34.68,SUPP,C+,SUPP,157,SUPP,34.68,SUPP,C+,SUPP,SUPP,SUPP,SUPP,SUPP,SUPP,SUPP,10,SUPP,40.88,SUPP,Dist+,NE,NE,NE,NE,NE,NE,NE,11,NE,0.84,NE,NE,NE,NE,SUPP,NE,SUPP,NE,SUPP,SUPP,SUPP,SUPP,541,560,0.17,0.09,0.26,0.18,0.08,-0.01,541,560,0.17,0.09,0.26,0.18,0.08,-0.01,35,SUPP,0.05,SUPP,0.34,SUPP,-0.24,SUPP,SUPP,122,SUPP,98.4%,SUPP,122,SUPP,98.4%,SUPP,SUPP,SUPP,SUPP,NE,8,NE,100.0%,NE,NE,NE,NE
1,53654,38,2,938,4602,126095,E14000652,Crawley,,"St Wilfrid's Catholic Comprehensive School, Crawley",St Wilfrid's Way,,,Crawley,RH11 8PG,01293421421,0,VA,Roman Catholic,NSE,OTHER NON SEL,MIXED,0,11-18,0,,,,,197,108,97,28.31,C-,87,27.01,C-,87,6.9%,97,28.49,C,8,30.00,Dist-,NE,NE,NE,NE,8,0.0%,15,53.3%,3,SUPP,100.0%,8,0.50,100.0%,88,9.1%,94,92.6%,89.4%,94,91.5%,94,92.6%,89.4%,94,91.5%,12,75.0%,66.7%,12,75.0%,NE,NE,NE,NE,NE,NE,NE,NE,NE,NE,NE,NE,NE,NE,NE,NE,NE,12,11,21.29,D,11,21.29,D,NE,NE,NE,NE,NE,NE,NE,NE,NE,NE,NE,NE,12,100.0%,12,100.0%,NE,NE,NE,NE,NE,NE,NE,NE,NE,NE,NE,90,81,28.82,C,81,29.02,C,7,30.71,Dist-,NE,NE,NE,SUPP,SUPP,8,0.50,NE,NE,79,91.1%,79,91.1%,10,80.0%,NE,NE,NE,NE,NE,NE,NE,NE,NE,252,-0.29,-0.16,-0.42,4,258,-0.28,-0.15,-0.41,4,7,0.26,0.82,-0.3,3,31,-0.61,-0.21,-1.01,31,-0.61,-0.21,-1.01,NE,NE,NE,NE,221,-0.24,-0.1,-0.38,227,-0.23,-0.1,-0.37,7,0.26,0.82,-0.3,107,109,95,94,29.60,29.81,C,C,95,94,29.63,29.92,C,C,9,15,27.22,28.64,Merit+,Merit+,NE,NE,NE,NE,NE,NE,NE,NE,NE,NE,NE,NE,NE,NE,NE,NE,NE,NE,NE,NE,,,,,7,13,0.43,0.62,33,24,0.58,0.44,229,284,0.01,0,3,0.15,0.13,-0.12,-0.13,230,290,0.02,0.00,3,0.15,0.13,-0.12,-0.12,9,18,0.28,-0.60,3,0.82,-0.02,-0.25,-1.18,105,87,94.3%,100.0%,105,87,94.3%,100.0%,1,9,SUPP,88.9%,NE,NE,NE,NE,NE,NE,NE,NE,14,11,13,6,30.93,19.57,C,D,13,6,31.14,19.57,C,D,SUPP,SUPP,SUPP,SUPP,SUPP,SUPP,NE,NE,NE,NE,NE,NE,NE,NE,NE,NE,NE,NE,NE,NE,NE,NE,NE,NE,NE,NE,SUPP,SUPP,SUPP,SUPP,7,7,0.57,0.29,29,19,0.33,0.02,0.75,0.55,-0.09,-0.51,30,19,0.34,0.02,0.75,0.55,-0.08,-0.51,SUPP,SUPP,SUPP,SUPP,SUPP,SUPP,SUPP,SUPP,14,6,100.0%,100.0%,14,6,100.0%,100.0%,NE,SUPP,NE,SUPP,NE,NE,NE,NE,NE,NE,NE,NE,92,97,81,88,29.54,30.28,C,C,81,88,29.54,30.4,C,C,SUPP,SUPP,SUPP,SUPP,SUPP,SUPP,NE,NE,NE,NE,NE,NE,NE,NE,NE,NE,NE,NE,NE,NE,NE,NE,NE,NE,NE,NE,SUPP,SUPP,SUPP,SUPP,26,17,0.58,0.5,200,265,-0.03,0.00,0.12,0.13,-0.18,-0.13,200,271,-0.03,0.00,0.12,0.14,-0.18,-0.13,SUPP,SUPP,SUPP,SUPP,SUPP,SUPP,SUPP,SUPP,90,80,93.3%,100.0%,90,80,93.3%,100.0%,SUPP,SUPP,SUPP,SUPP,NE,NE,NE,NE,NE,NE,NE,NE
1,54398,38,2,938,6023,126110,E14000534,Arundel and South Downs,,Seaford College,Lavington Park,,,Petworth,GU28 0NB,01798867392,0,IND,,,NA,MIXED,0,7-18,0,,,,,220,96,79,31.34,C,40,26.00,C-,40,20.0%,81,31.60,C,NE,NE,NE,NE,NE,NE,NE,45,0.0%,45,0.0%,4,SUPP,SUPP,14,0.79,100.0%,68,10.3%,NA,NA,NA,NA,NA,NA,NA,NA,NA,NA,NA,NA,NA,NA,NA,NA,NA,NA,NA,NA,NA,NA,NE,NE,NE,NA,NA,NA,NA,NA,NE,NE,NA,NA,NA,NA,NA,NA,NA,NA,NA,NA,NA,NA,NA,NA,NA,NA,NA,NA,NA,NA,NA,NA,NA,NA,NA,NA,NA,NA,NA,NA,NA,NA,NA,NA,NA,NA,NA,NA,NA,NA,NA,NA,NA,NA,NA,NA,NA,NA,NA,NA,NA,NA,NA,NA,NA,NA,NA,NA,NA,NA,NA,NA,NA,NA,NA,NA,NA,NA,159,0.41,0.58,0.25,1,172,0.43,0.59,0.27,1,NE,NE,NE,NE,NA,NA,NA,NA,NA,NA,NA,NA,NA,NA,NA,NA,NA,NA,NA,NA,NA,NA,NA,NA,NA,NA,NA,NA,NA,99,101,84,92,32.19,30,C+,C,85,93,32.71,30.05,C+,C,NE,18,NE,39,NE,Dist+,NE,NE,NE,NE,NE,NE,NE,NE,NE,NE,NE,NE,NA,NA,NA,NA,NA,NA,NA,NA,,,,,6,4,-0.33,SUPP,16,18,0.63,1.22,180,230,0.11,0.08,3,0.27,0.22,-0.04,-0.06,200,239,0.15,0.08,3,0.30,0.21,0.00,-0.06,NE,22,NE,0.24,NA,NE,0.74,NE,-0.27,NA,NA,NA,NA,NA,NA,NA,NA,NA,NA,NA,NA,NA,NA,NA,NA,NA,NA,NA,NA,NA,NA,NA,NA,NA,NA,NA,NA,NA,NA,NA,NA,NA,NA,NA,NA,NA,NA,NA,NA,NA,NA,NA,NA,NA,NA,NA,NA,NA,NA,NA,NA,NA,NA,NA,NA,NA,NA,NA,NA,NA,NA,NA,NA,NA,NA,NA,NA,NA,NA,NA,NA,NA,NA,NA,NA,NA,NA,NA,NA,NA,NA,NA,NA,NA,NA,NA,NA,NA,NA,NA,NA,NA,NA,NA,NA,NA,NA,NA,NA,NA,NA,NA,NA,NA,NA,NA,NA,NA,NA,NA,NA,NA,NA,NA,NA,NA,NA,NA,NA,NA,NA,NA,NA,NA,NA,NA,NA,NA,NA,NA,NA,NA,NA,NA,NA,NA,NA,NA,NA,NA,NA,NA,NA,NA,NA,NA,NA,NA,NA,NA,NA,NA,NA,NA,NA,NA,NA,NA,NA,NA,NA,NA,NA,NA,NA,NA,NA,NA,NA,NA,NA,NA,NA,NA,NA,NA,NA,NA,NA,NA,NA,NA,NA,NA,NA,NA,NA,NA,NA,NA,NA,NA,NA,NA,NA,NA,NA,NA,NA,NA,NA,NA,NA
1,55278,38,2,938,6914,135962,E14000682,East Worthing and Shoreham,,Shoreham Academy,Kingston Lane,,,Shoreham-by-Sea,BN43 6YT,01273274100,0,AC,Christian,NSE,OTHER NON SEL,MIXED,0,11-18,0,,,,,263,113,59,24.61,D+,30,22.56,D+,30,3.3%,61,24.59,D+,7,27.96,Merit+,6,33.50,Dist,0,26,23.1%,26,26.9%,13,0.44,100.0%,39,0.15,100.0%,46,13.0%,63,77.8%,68.3%,62,50.0%,63,77.8%,68.3%,62,50.0%,14,50.0%,42.9%,14,50.0%,5,SUPP,SUPP,5,SUPP,6,0.77,NE,NE,NE,NE,NE,NE,NE,NE,15,0.0%,31,9,21.85,D+,11,22.20,D+,SUPP,SUPP,SUPP,NE,NE,NE,SUPP,SUPP,16,0.25,NE,NE,13,69.2%,13,69.2%,SUPP,SUPP,NE,NE,NE,NE,NE,NE,NE,NE,NE,70,41,25.85,C-,41,25.76,C-,SUPP,SUPP,SUPP,6,33.50,Dist,SUPP,SUPP,23,0.09,6,0.77,40,80.0%,40,80.0%,SUPP,SUPP,SUPP,SUPP,NE,NE,NE,NE,NE,NE,NE,111,-0.29,-0.09,-0.49,4,117,-0.3,-0.09,-0.5,4,7,0.61,1.21,0.02,1,20,-0.05,0.49,-0.58,22,-0.03,0.49,-0.55,SUPP,SUPP,SUPP,SUPP,91,-0.33,-0.11,-0.55,95,-0.34,-0.12,-0.56,SUPP,SUPP,SUPP,SUPP,138,115,84,69,27.63,28.07,C-,C-,84,70,27.72,28.51,C-,C,23,24,38.88,38.46,Dist+,Dist+,4,7,SUPP,36.36,SUPP,Dist,1,NE,SUPP,NE,SUPP,NE,NE,9,NE,0.07,5,1,SUPP,SUPP,,,,,24,14,0.04,0.36,47,40,-0.13,0.28,190,174,-0.10,0.2,3,0.06,0.37,-0.26,0.03,199,183,-0.11,0.23,3,0.04,0.39,-0.27,0.06,23,28,0.52,-0.05,2,0.88,0.35,0.16,-0.45,72,42,87.5%,97.6%,72,42,87.5%,97.6%,27,33,96.3%,66.7%,NE,5,NE,SUPP,4,1,SUPP,SUPP,25,25,6,9,23.68,21.67,D+,D+,6,10,23.68,22.18,D+,D+,SUPP,6,SUPP,38.57,SUPP,Dist+,SUPP,SUPP,SUPP,SUPP,SUPP,SUPP,NE,NE,NE,NE,NE,NE,NE,1,NE,SUPP,1,NE,SUPP,NE,9,8,-0.22,0.5,15,14,-0.40,0.29,12,17,0.11,-0.38,0.73,0.14,-0.52,-0.90,12,19,0.11,-0.33,0.73,0.17,-0.52,-0.83,SUPP,7,SUPP,-0.09,SUPP,0.75,SUPP,-0.92,8,SUPP,62.5%,SUPP,8,SUPP,62.5%,SUPP,SUPP,8,SUPP,75.0%,NE,SUPP,NE,SUPP,SUPP,NE,SUPP,NE,109,85,74,55,28.15,28.61,C-,C,74,55,28.24,29.02,C-,C,SUPP,18,SUPP,38.42,SUPP,Dist+,SUPP,SUPP,SUPP,SUPP,SUPP,SUPP,SUPP,NE,SUPP,NE,SUPP,NE,NE,8,NE,SUPP,4,1,SUPP,SUPP,15,6,0.20,0.17,32,26,0.00,0.27,178,157,-0.11,0.27,0.05,0.45,-0.27,0.09,187,164,-0.13,0.30,0.03,0.48,-0.29,0.12,SUPP,21,SUPP,-0.04,SUPP,0.41,SUPP,-0.49,60,SUPP,90.0%,SUPP,60,SUPP,90.0%,SUPP,SUPP,25,SUPP,64.0%,NE,SUPP,NE,SUPP,SUPP,SUPP,SUPP,SUPP
1,62488,38,2,938,4025,126068,E14000753,Horsham,,"Weald School, The",Station Road,,,Billingshurst,RH14 9RY,01403787200,0,CY,Does not apply,NSE,OTHER NON SEL,MIXED,0,11-18,0,,,,,302,186,165,32.26,C+,122,32.95,C+,122,10.7%,165,32.51,C+,19,31.63,Dist-,10,31.00,Dist-,0,11,90.9%,27,96.3%,6,0.83,100.0%,11,0.27,100.0%,160,31.9%,166,86.1%,85.5%,166,85.5%,166,86.1%,85.5%,166,85.5%,6,100.0%,100.0%,6,100.0%,2,SUPP,SUPP,2,SUPP,10,0.81,NE,NE,NE,NE,NE,NE,NE,NE,5,SUPP,11,9,26.96,C-,9,27.29,C-,SUPP,SUPP,SUPP,SUPP,SUPP,SUPP,NE,NE,SUPP,SUPP,2,SUPP,10,90.0%,10,90.0%,NE,NE,NE,NE,NE,NE,NE,NE,NE,NE,NE,174,155,32.58,C+,155,32.83,C+,SUPP,SUPP,SUPP,SUPP,SUPP,SUPP,6,0.83,SUPP,SUPP,8,SUPP,155,85.8%,155,85.8%,6,100.0%,SUPP,SUPP,NE,NE,NE,NE,NE,NE,NE,433,-0.11,-0.01,-0.21,4,479,-0.11,-0.01,-0.21,4,19,0.46,0.88,0.04,2,23,-0.08,0.38,-0.55,25,-0.08,0.38,-0.54,SUPP,SUPP,SUPP,SUPP,410,-0.11,-0.01,-0.21,454,-0.11,-0.01,-0.21,SUPP,SUPP,SUPP,SUPP,158,160,140,148,32.78,30.33,C+,C,140,148,32.87,30.44,C+,C,5,16,SUPP,44.89,SUPP,Dist*-,4,6,SUPP,44.17,SUPP,Dist*-,NE,NE,NE,NE,NE,NE,4,8,SUPP,0.66,NE,NE,NE,NE,,,,,8,9,0.75,1.33,13,4,0.46,SUPP,415,529,0.16,0.01,2,0.26,0.11,0.05,-0.09,428,537,0.16,0.01,2,0.26,0.11,0.05,-0.08,SUPP,17,SUPP,0.43,NA,SUPP,1.00,SUPP,-0.13,142,129,95.1%,96.1%,142,129,95.1%,96.1%,3,13,SUPP,76.9%,NE,2,NE,SUPP,NE,NE,NE,NE,12,8,8,7,34.04,19.38,C+,D,8,7,34.24,19.38,C+,D,NE,SUPP,NE,SUPP,NE,SUPP,NE,NE,NE,NE,NE,NE,NE,NE,NE,NE,NE,NE,NE,NE,NE,NE,NE,NE,NE,NE,SUPP,SUPP,SUPP,SUPP,SUPP,NE,SUPP,NE,25,23,0.17,-0.12,0.59,0.37,-0.26,-0.62,26,23,0.18,-0.12,0.60,0.37,-0.24,-0.62,NE,SUPP,NE,SUPP,NE,SUPP,NE,SUPP,10,SUPP,90.0%,SUPP,10,SUPP,90.0%,SUPP,NE,SUPP,NE,SUPP,NE,NE,NE,NE,NE,NE,NE,NE,146,150,132,139,32.70,30.82,C+,C,132,139,32.78,30.94,C+,C,SUPP,SUPP,SUPP,SUPP,SUPP,SUPP,SUPP,6,SUPP,44.17,SUPP,Dist*-,NE,NE,NE,NE,NE,NE,4,8,SUPP,0.66,NE,NE,NE,NE,SUPP,SUPP,SUPP,SUPP,SUPP,SUPP,SUPP,SUPP,390,506,0.16,0.01,0.26,0.11,0.05,-0.08,402,514,0.16,0.02,0.26,0.12,0.05,-0.08,SUPP,SUPP,SUPP,SUPP,SUPP,SUPP,SUPP,SUPP,132,SUPP,95.5%,SUPP,132,SUPP,95.5%,SUPP,SUPP,SUPP,SUPP,SUPP,NE,SUPP,NE,SUPP,NE,NE,NE,NE
1,32332,38,2,938,6912,135745,E14000576,Bognor Regis and Littlehampton,,The Littlehampton Academy,Fitzalan Road,,,Littlehampton,BN17 6FE,01903711120,0,AC,Christian,NSE,OTHER NON SEL,MIXED,0,11-18,0,,,,,131,76,52,25.33,C-,36,27.41,C-,36,5.6%,52,25.33,C-,15,28.00,Merit+,NE,NE,NE,NE,NE,NE,15,100.0%,13,-0.35,SUPP,11,0.54,100.0%,49,14.3%,61,85.2%,80.3%,61,82.0%,61,85.2%,80.3%,61,82.0%,NE,NE,NE,NE,NE,NE,NE,NE,NE,NE,NE,NE,1,SUPP,SUPP,1,SUPP,NE,NE,NE,2,SUPP,8,SUPP,SUPP,SUPP,SUPP,SUPP,SUPP,SUPP,SUPP,SUPP,NE,NE,NE,SUPP,SUPP,SUPP,SUPP,NE,NE,6,50.0%,6,50.0%,NE,NE,NE,NE,NE,NE,NE,NE,NE,NE,NE,68,SUPP,SUPP,SUPP,SUPP,SUPP,SUPP,SUPP,SUPP,SUPP,NE,NE,NE,SUPP,SUPP,SUPP,SUPP,NE,NE,55,89.1%,55,89.1%,NE,NE,NE,NE,SUPP,SUPP,SUPP,1,SUPP,NE,NE,138,-0.27,-0.1,-0.44,4,138,-0.27,-0.1,-0.44,4,15,-0.05,0.38,-0.48,3,10,0.16,0.83,-0.51,10,0.16,0.83,-0.51,SUPP,SUPP,SUPP,SUPP,128,-0.3,-0.13,-0.47,128,-0.3,-0.13,-0.47,SUPP,SUPP,SUPP,SUPP,83,106,59,62,25.87,26.62,C-,C-,59,62,26.04,26.63,C-,C-,5,8,SUPP,34.29,SUPP,Dist,NE,11,NE,31.88,NE,Dist-,NE,NE,NE,NE,NE,NE,2,20,SUPP,-0.85,NE,NE,NE,NE,,,,,24,24,0.13,0.71,26,42,0.10,0.35,170,188,-0.20,0.07,4,-0.04,0.23,-0.37,-0.09,177,190,-0.20,0.07,4,-0.04,0.23,-0.36,-0.09,6,8,0.43,-0.45,3,1.13,0.41,-0.26,-1.32,57,31,100.0%,90.3%,57,31,100.0%,90.3%,NE,2,NE,SUPP,1,12,SUPP,58.3%,NE,NE,NE,NE,19,19,12,SUPP,27.32,SUPP,C-,SUPP,12,SUPP,27.46,SUPP,C-,SUPP,SUPP,SUPP,SUPP,SUPP,SUPP,SUPP,NE,SUPP,NE,SUPP,NE,SUPP,NE,NE,NE,NE,NE,NE,1,4,SUPP,SUPP,NE,NE,NE,NE,7,SUPP,-0.43,SUPP,9,13,-0.22,0.31,33,15,-0.01,-0.03,0.38,0.60,-0.40,-0.66,34,15,0.00,-0.03,0.39,0.60,-0.38,-0.66,SUPP,SUPP,SUPP,SUPP,SUPP,SUPP,SUPP,SUPP,11,6,100.0%,83.3%,11,6,100.0%,83.3%,NE,NE,NE,NE,NE,SUPP,NE,SUPP,NE,NE,NE,NE,64,82,47,SUPP,25.53,SUPP,C-,SUPP,47,SUPP,25.72,SUPP,C-,SUPP,SUPP,SUPP,SUPP,SUPP,SUPP,SUPP,NE,SUPP,NE,SUPP,NE,SUPP,NE,NE,NE,NE,NE,NE,1,16,SUPP,SUPP,NE,NE,NE,NE,17,SUPP,0.35,SUPP,17,29,0.27,0.36,137,173,-0.25,0.08,-0.07,0.25,-0.43,-0.09,143,175,-0.25,0.08,-0.07,0.24,-0.42,-0.09,SUPP,SUPP,SUPP,SUPP,SUPP,SUPP,SUPP,SUPP,46,25,100.0%,92.0%,46,25,100.0%,92.0%,NE,SUPP,NE,SUPP,SUPP,SUPP,SUPP,SUPP,NE,NE,NE,NE
1,8850,38,2,938,6201,126134,E14000817,Mid Sussex,,Burgess Hill Girls,Keymer Road,,,Burgess Hill,RH15 0EG,01444241050,0,IND,,,NA,GIRLS,0,2-19,0,,,,,82,36,36,43.39,B+,35,43.62,B+,35,31.4%,36,43.83,B+,NE,NE,NE,NE,NE,NE,NE,NE,NE,NE,NE,NE,NE,NE,NE,NE,NE,30,26.7%,NA,NA,NA,NA,NA,NA,NA,NA,NA,NA,NA,NA,NA,NA,NA,NA,NA,NA,NA,NA,NA,NA,NE,NE,NE,NA,NA,NA,NA,NA,NE,NE,NA,NA,NA,NA,NA,NA,NA,NA,NA,NA,NA,NA,NA,NA,NA,NA,NA,NA,NA,NA,NA,NA,NA,NA,NA,NA,NA,NA,NA,NA,NA,NA,NA,NA,NA,NA,NA,NA,NA,NA,NA,NA,NA,NA,NA,NA,NA,NA,NA,NA,NA,NA,NA,NA,NA,NA,NA,NA,NA,NA,NA,NA,NA,NA,NA,NA,NA,NA,92,0.26,0.48,0.05,2,103,0.3,0.5,0.09,2,NE,NE,NE,NE,NA,NA,NA,NA,NA,NA,NA,NA,NA,NA,NA,NA,NA,NA,NA,NA,NA,NA,NA,NA,NA,NA,NA,NA,NA,41,51,41,49,44.75,42.59,B+,B+,41,49,44.66,42.55,B+,B+,NE,NE,NE,NE,NE,NE,NE,NE,NE,NE,NE,NE,NE,NE,NE,NE,NE,NE,NA,NA,NA,NA,NA,NA,NA,NA,,,,,NE,NE,NE,NE,NE,2,NE,SUPP,116,135,0.18,0.24,3,0.38,0.43,-0.02,0.06,125,146,0.16,0.23,3,0.35,0.41,-0.04,0.05,NE,NE,NE,NE,NA,NE,NE,NE,NE,NA,NA,NA,NA,NA,NA,NA,NA,NA,NA,NA,NA,NA,NA,NA,NA,NA,NA,NA,NA,NA,NA,NA,NA,NA,NA,NA,NA,NA,NA,NA,NA,NA,NA,NA,NA,NA,NA,NA,NA,NA,NA,NA,NA,NA,NA,NA,NA,NA,NA,NA,NA,NA,NA,NA,NA,NA,NA,NA,NA,NA,NA,NA,NA,NA,NA,NA,NA,NA,NA,NA,NA,NA,NA,NA,NA,NA,NA,NA,NA,NA,NA,NA,NA,NA,NA,NA,NA,NA,NA,NA,NA,NA,NA,NA,NA,NA,NA,NA,NA,NA,NA,NA,NA,NA,NA,NA,NA,NA,NA,NA,NA,NA,NA,NA,NA,NA,NA,NA,NA,NA,NA,NA,NA,NA,NA,NA,NA,NA,NA,NA,NA,NA,NA,NA,NA,NA,NA,NA,NA,NA,NA,NA,NA,NA,NA,NA,NA,NA,NA,NA,NA,NA,NA,NA,NA,NA,NA,NA,NA,NA,NA,NA,NA,NA,NA,NA,NA,NA,NA,NA,NA,NA,NA,NA,NA,NA,NA,NA,NA,NA,NA,NA,NA,NA,NA,NA,NA,NA,NA,NA,NA,NA,NA,NA,NA,NA,NA,NA,NA,NA,NA,NA,NA
1,55674,38,2,938,6911,135744,E14000682,East Worthing and Shoreham,,The Sir Robert Woodard Academy,Upper Boundstone Lane,,,Sompting,BN15 9QZ,01903767434,0,AC,Christian,NSE,OTHER NON SEL,MIXED,0,11-18,0,,,,,100,58,45,23.24,D+,41,16.50,D-,41,4.9%,45,23.24,D+,NE,NE,NE,NE,NE,NE,NE,29,0.0%,29,0.0%,6,0.90,100.0%,11,0.70,100.0%,36,11.1%,51,86.3%,80.4%,51,80.4%,51,86.3%,80.4%,51,80.4%,NE,NE,NE,NE,NE,NE,NE,NE,NE,NE,NE,NE,NE,NE,NE,NE,NE,NE,NE,NE,NE,NE,14,8,26.86,C-,8,26.86,C-,NE,NE,NE,NE,NE,NE,SUPP,SUPP,SUPP,SUPP,NE,NE,10,80.0%,10,80.0%,NE,NE,NE,NE,NE,NE,NE,NE,NE,NE,NE,42,35,23.53,D+,35,23.53,D+,NE,NE,NE,NE,NE,NE,SUPP,SUPP,SUPP,SUPP,NE,NE,39,87.2%,39,87.2%,NE,NE,NE,NE,NE,NE,NE,NE,NE,NE,NE,86,-0.43,-0.22,-0.65,4,86,-0.43,-0.22,-0.65,4,NE,NE,NE,NE,NA,18,0.02,0.5,-0.46,18,0.02,0.5,-0.46,NE,NE,NE,NE,68,-0.55,-0.31,-0.8,68,-0.55,-0.31,-0.8,NE,NE,NE,NE,80,59,47,43,24.24,20.67,D+,D,47,44,24.24,20.23,D+,D,NE,33,NE,36.89,NE,Dist+,NE,6,NE,41.67,NE,Dist*-,NE,NE,NE,NE,NE,NE,NE,6,NE,1.82,NE,NE,NE,NE,,,,,2,5,SUPP,SUPP,13,15,0.54,0.27,106,99,-0.75,-0.53,5,-0.54,-0.3,-0.96,-0.75,106,105,-0.75,-0.58,5,-0.54,-0.35,-0.96,-0.80,NE,42,NE,-0.14,NA,NE,0.19,NE,-0.47,49,34,89.8%,91.2%,49,34,89.8%,91.2%,NE,22,NE,81.8%,NE,1,NE,SUPP,NE,NE,NE,NE,13,8,10,SUPP,30.87,SUPP,C,SUPP,10,SUPP,30.87,SUPP,C,SUPP,NE,SUPP,NE,SUPP,NE,SUPP,NE,SUPP,NE,SUPP,NE,SUPP,NE,NE,NE,NE,NE,NE,NE,1,NE,SUPP,NE,NE,NE,NE,NE,SUPP,NE,SUPP,SUPP,SUPP,SUPP,SUPP,24,12,-0.22,-0.58,0.24,0.11,-0.69,-1.28,24,12,-0.22,-0.58,0.24,0.11,-0.69,-1.28,NE,SUPP,NE,SUPP,NE,SUPP,NE,SUPP,10,SUPP,90.0%,SUPP,10,SUPP,90.0%,SUPP,NE,SUPP,NE,SUPP,NE,NE,NE,NE,NE,NE,NE,NE,62,50,35,SUPP,22.96,SUPP,D+,SUPP,35,SUPP,22.96,SUPP,D+,SUPP,NE,SUPP,NE,SUPP,NE,SUPP,NE,SUPP,NE,SUPP,NE,SUPP,NE,NE,NE,NE,NE,NE,NE,5,NE,SUPP,NE,NE,NE,NE,SUPP,SUPP,SUPP,SUPP,SUPP,SUPP,SUPP,SUPP,82,87,-0.91,-0.52,-0.67,-0.28,-1.15,-0.76,82,93,-0.91,-0.58,-0.67,-0.34,-1.15,-0.81,NE,SUPP,NE,SUPP,NE,SUPP,NE,SUPP,37,SUPP,89.2%,SUPP,37,SUPP,89.2%,SUPP,NE,SUPP,NE,SUPP,NE,SUPP,NE,SUPP,NE,NE,NE,NE
1,52978,38,2,938,4800,144243,E14000534,Arundel and South Downs,,St Philip Howard Catholic School,Elm Grove South,Barnham,,Bognor Regis,PO22 0EN,01243552055,0,ACC,Roman Catholic,NSE,OTHER NON SEL,MIXED,0,11-18,0,,,,,194,115,112,30.55,C,86,33.53,C+,86,9.3%,112,30.61,C,NE,NE,NE,NE,NE,NE,NE,NE,NE,NE,NE,NE,NE,NE,13,0.67,100.0%,100,25.0%,114,97.4%,96.5%,114,74.6%,114,97.4%,96.5%,114,74.6%,1,SUPP,SUPP,1,SUPP,NE,NE,NE,NE,NE,NE,NE,NE,NE,NE,NE,NE,NE,NE,NE,NE,NE,8,7,28.65,C,7,28.65,C,NE,NE,NE,NE,NE,NE,NE,NE,SUPP,SUPP,NE,NE,7,85.7%,7,85.7%,SUPP,SUPP,NE,NE,NE,NE,NE,NE,NE,NE,NE,107,105,30.67,C,105,30.73,C,NE,NE,NE,NE,NE,NE,NE,NE,SUPP,SUPP,NE,NE,107,98.1%,107,98.1%,NE,NE,NE,NE,NE,NE,NE,NE,NE,NE,NE,406,0.21,0.32,0.1,2,410,0.21,0.32,0.1,2,NE,NE,NE,NE,NA,25,-0.15,0.3,-0.6,25,-0.15,0.3,-0.6,NE,NE,NE,NE,381,0.23,0.34,0.12,385,0.23,0.34,0.12,NE,NE,NE,NE,108,82,103,79,34.22,31.51,C+,C,103,79,34.39,31.63,C+,C,NE,NE,NE,NE,NE,NE,NE,NE,NE,NE,NE,NE,NE,NE,NE,NE,NE,NE,NE,NE,NE,NE,NE,NE,NE,NE,,,,,1,NE,SUPP,NE,8,7,0.50,0.29,374,309,0.25,0.03,2,0.36,0.15,0.14,-0.1,386,315,0.25,0.04,2,0.36,0.16,0.14,-0.08,NE,NE,NE,NE,NA,NE,NE,NE,NE,105,78,97.1%,94.9%,105,78,97.1%,94.9%,NE,NE,NE,NE,NE,NE,NE,NE,NE,NE,NE,NE,9,6,7,SUPP,18.89,SUPP,D,SUPP,7,SUPP,18.89,SUPP,D,SUPP,NE,NE,NE,NE,NE,NE,NE,NE,NE,NE,NE,NE,NE,NE,NE,NE,NE,NE,NE,NE,NE,NE,NE,NE,NE,NE,NE,NE,NE,NE,SUPP,SUPP,SUPP,SUPP,24,18,-0.34,0.76,0.12,1.29,-0.81,0.24,24,19,-0.34,0.78,0.12,1.30,-0.81,0.26,NE,NE,NE,NE,NE,NE,NE,NE,9,6,88.9%,83.3%,9,6,88.9%,83.3%,NE,NE,NE,NE,NE,NE,NE,NE,NE,NE,NE,NE,97,76,94,SUPP,35.13,SUPP,B-,SUPP,94,SUPP,35.29,SUPP,B-,SUPP,NE,NE,NE,NE,NE,NE,NE,NE,NE,NE,NE,NE,NE,NE,NE,NE,NE,NE,NE,NE,NE,NE,NE,NE,NE,NE,SUPP,NE,SUPP,NE,SUPP,SUPP,SUPP,SUPP,350,291,0.29,-0.02,0.40,0.11,0.17,-0.15,362,296,0.29,-0.01,0.40,0.12,0.17,-0.14,NE,NE,NE,NE,NE,NE,NE,NE,94,72,97.9%,95.8%,94,72,97.9%,95.8%,NE,NE,NE,NE,NE,NE,NE,NE,NE,NE,NE,NE
1,57588,38,2,938,4501,126092,E14000534,Arundel and South Downs,,Steyning Grammar School,Shooting Field,,,Steyning,BN44 3RX,01903814555,0,VC,Church of England,NSE,OTHER NON SEL,MIXED,0,11-18,0,,,,,423,225,209,34.21,C+,178,33.52,C+,178,13.5%,211,34.26,C+,19,30.22,Dist-,NE,NE,NE,NE,18,0.0%,35,54.3%,6,0.95,SUPP,9,0.67,100.0%,181,38.7%,198,95.5%,93.9%,198,90.4%,198,95.5%,93.9%,198,90.4%,22,86.4%,77.3%,22,86.4%,NE,NE,NE,NE,NE,NE,NE,NE,NE,NE,NE,NE,NE,NE,NE,1,SUPP,13,13,31.76,C+,13,32.03,C+,SUPP,SUPP,SUPP,NE,NE,NE,NE,NE,SUPP,SUPP,NE,NE,11,100.0%,11,100.0%,SUPP,SUPP,NE,NE,NE,NE,NE,NE,NE,NE,NE,185,169,34.87,C+,171,34.88,C+,SUPP,SUPP,SUPP,NE,NE,NE,SUPP,SUPP,SUPP,SUPP,NE,NE,163,95.1%,163,95.1%,SUPP,SUPP,NE,NE,NE,NE,NE,NE,NE,NE,NE,531,-0.02,0.07,-0.12,3,547,-0.01,0.08,-0.11,3,20,0.43,0.77,0.09,2,36,0.02,0.37,-0.33,37,0.04,0.39,-0.31,SUPP,SUPP,SUPP,SUPP,495,-0.03,0.07,-0.12,510,-0.02,0.08,-0.11,SUPP,SUPP,SUPP,SUPP,268,250,253,245,33.32,33.72,C+,C+,253,246,33.35,33.73,C+,C+,16,14,27.38,30.63,Merit+,Dist-,NE,8,NE,37.69,NE,Dist+,NE,NE,NE,NE,NE,NE,NE,6,NE,2.33,NE,NE,NE,NE,,,,,6,2,0.50,SUPP,16,7,0.44,1,729,795,0.03,-0.17,3,0.12,-0.09,-0.05,-0.24,750,811,0.05,-0.16,3,0.13,-0.08,-0.03,-0.24,15,15,-0.09,-0.59,3,0.32,0.02,-0.50,-1.19,246,225,92.3%,98.7%,246,225,92.3%,98.7%,14,14,100.0%,71.4%,NE,8,NE,100.0%,NE,NE,NE,NE,17,SUPP,15,SUPP,29.13,SUPP,C,SUPP,15,SUPP,29.40,SUPP,C,SUPP,SUPP,SUPP,SUPP,SUPP,SUPP,SUPP,NE,NE,NE,NE,NE,NE,NE,NE,NE,NE,NE,NE,NE,NE,NE,NE,NE,NE,NE,NE,SUPP,SUPP,SUPP,SUPP,SUPP,NE,SUPP,NE,47,15,-0.49,0.18,-0.15,0.76,-0.82,-0.40,50,16,-0.43,0.18,-0.11,0.74,-0.76,-0.39,SUPP,SUPP,SUPP,SUPP,SUPP,SUPP,SUPP,SUPP,16,SUPP,81.3%,SUPP,16,SUPP,81.3%,SUPP,SUPP,SUPP,SUPP,SUPP,NE,NE,NE,NE,NE,NE,NE,NE,230,SUPP,218,SUPP,34.01,SUPP,C+,SUPP,218,SUPP,34.04,SUPP,C+,SUPP,SUPP,SUPP,SUPP,SUPP,SUPP,SUPP,NE,8,NE,37.69,NE,Dist+,NE,NE,NE,NE,NE,NE,NE,6,NE,2.33,NE,NE,NE,NE,SUPP,SUPP,SUPP,SUPP,SUPP,7,SUPP,1,682,780,0.07,-0.17,0.15,-0.09,-0.01,-0.25,700,795,0.08,-0.17,0.16,-0.09,0.00,-0.24,SUPP,SUPP,SUPP,SUPP,SUPP,SUPP,SUPP,SUPP,210,SUPP,92.9%,SUPP,210,SUPP,92.9%,SUPP,SUPP,SUPP,SUPP,SUPP,NE,8,NE,100.0%,NE,NE,NE,NE
1,5826,38,2,938,4604,140472,E14000633,Chichester,,"Bishop Luffa School, Chichester",Westgate,,,Chichester,PO19 3HP,01243787741,0,ACC,Church of England,NSE,OTHER NON SEL,MIXED,0,11-18,0,,,,,272,145,142,37.43,B-,123,38.16,B-,123,22.0%,142,37.37,B-,NE,NE,NE,NE,NE,NE,NE,NE,NE,NE,NE,1,SUPP,100.0%,2,SUPP,SUPP,139,49.6%,143,89.5%,86.0%,143,86.0%,143,89.5%,86.0%,143,86.0%,NE,NE,NE,NE,NE,NE,NE,NE,NE,NE,NE,NE,NE,NE,NE,NE,NE,NE,NE,NE,NE,NE,SUPP,SUPP,SUPP,SUPP,SUPP,SUPP,SUPP,NE,NE,NE,NE,NE,NE,NE,NE,NE,NE,NE,NE,SUPP,SUPP,SUPP,SUPP,NE,NE,NE,NE,NE,NE,NE,NE,NE,NE,NE,SUPP,SUPP,SUPP,SUPP,SUPP,SUPP,SUPP,NE,NE,NE,NE,NE,NE,SUPP,SUPP,SUPP,SUPP,NE,NE,SUPP,SUPP,SUPP,SUPP,NE,NE,NE,NE,NE,NE,NE,NE,NE,NE,NE,405,0.24,0.35,0.14,2,484,0.21,0.31,0.11,2,NE,NE,NE,NE,NA,12,-0.27,0.42,-0.96,12,-0.27,0.42,-0.96,NE,NE,NE,NE,393,0.26,0.37,0.15,472,0.22,0.32,0.12,NE,NE,NE,NE,168,171,164,171,35.62,34.26,B-,C+,164,171,35.64,34.33,B-,C+,NE,NE,NE,NE,NE,NE,NE,NE,NE,NE,NE,NE,NE,NE,NE,NE,NE,NE,NE,NE,NE,NE,NE,NE,NE,NE,,,,,4,4,SUPP,SUPP,5,3,SUPP,SUPP,501,601,0.00,0.04,3,0.10,0.13,-0.10,-0.05,578,642,-0.01,0.04,3,0.08,0.13,-0.11,-0.05,NE,NE,NE,NE,NA,NE,NE,NE,NE,166,167,95.8%,98.2%,166,167,95.8%,98.2%,NE,NE,NE,NE,NE,NE,NE,NE,NE,NE,NE,NE,13,11,12,11,29.04,31.21,C,C,12,11,28.64,31.27,C,C,NE,NE,NE,NE,NE,NE,NE,NE,NE,NE,NE,NE,NE,NE,NE,NE,NE,NE,NE,NE,NE,NE,NE,NE,NE,NE,SUPP,SUPP,SUPP,SUPP,NE,NE,NE,NE,39,36,-0.30,-0.07,0.07,0.31,-0.67,-0.44,45,39,-0.32,-0.07,0.03,0.30,-0.68,-0.44,NE,NE,NE,NE,NE,NE,NE,NE,13,11,92.3%,100.0%,13,11,92.3%,100.0%,NE,NE,NE,NE,NE,NE,NE,NE,NE,NE,NE,NE,154,159,151,159,36.25,34.32,B-,C+,151,159,36.30,34.39,B-,C+,NE,NE,NE,NE,NE,NE,NE,NE,NE,NE,NE,NE,NE,NE,NE,NE,NE,NE,NE,NE,NE,NE,NE,NE,NE,NE,SUPP,SUPP,SUPP,SUPP,SUPP,SUPP,SUPP,SUPP,462,565,0.02,0.05,0.13,0.14,-0.08,-0.04,533,603,0.01,0.04,0.11,0.14,-0.09,-0.05,NE,NE,NE,NE,NE,NE,NE,NE,152,155,96.1%,98.1%,152,155,96.1%,98.1%,NE,NE,NE,NE,NE,NE,NE,NE,NE,NE,NE,NE
1,40034,38,2,938,4003,134042,E14000652,Crawley,,Oriel High School,Matthews Drive,Maidenbower,,Crawley,RH10 7XW,01293880350,0,CY,Does not apply,NSE,OTHER NON SEL,MIXED,0,11-18,0,,,,,195,93,74,32.14,C+,49,32.24,C+,49,16.3%,74,32.03,C+,31,28.52,Merit+,NE,NE,NE,NE,NE,NE,31,100.0%,2,SUPP,100.0%,10,0.50,100.0%,74,37.8%,66,98.5%,97.0%,66,95.5%,66,98.5%,97.0%,66,95.5%,25,64.0%,64.0%,25,64.0%,NE,NE,NE,NE,NE,NE,NE,NE,NE,NE,NE,NE,NE,NE,NE,NE,NE,SUPP,SUPP,SUPP,SUPP,SUPP,SUPP,SUPP,SUPP,SUPP,SUPP,NE,NE,NE,SUPP,SUPP,NE,NE,NE,NE,SUPP,SUPP,SUPP,SUPP,SUPP,SUPP,NE,NE,NE,NE,NE,NE,NE,NE,NE,SUPP,SUPP,SUPP,SUPP,SUPP,SUPP,SUPP,SUPP,SUPP,SUPP,NE,NE,NE,SUPP,SUPP,10,0.50,NE,NE,SUPP,SUPP,SUPP,SUPP,SUPP,SUPP,NE,NE,NE,NE,NE,NE,NE,NE,NE,187,-0.05,0.11,-0.21,3,197,-0.05,0.1,-0.21,3,49,-0.01,0.23,-0.25,3,SUPP,SUPP,SUPP,SUPP,6,-0.23,0.78,-1.23,6,0.17,0.83,-0.49,SUPP,SUPP,SUPP,SUPP,191,-0.05,0.11,-0.2,43,-0.03,0.22,-0.29,134,118,110,98,29.91,28.6,C,C,110,98,29.91,28.6,C,C,42,39,30.23,35.17,Dist-,Dist,8,13,28.13,39.29,Merit+,Dist+,NE,NE,NE,NE,NE,NE,9,14,-0.19,1.26,NE,NE,NE,NE,,,,,3,4,SUPP,SUPP,19,21,0.55,0.57,272,298,-0.48,-0.26,4,-0.36,-0.13,-0.61,-0.39,279,298,-0.48,-0.26,4,-0.36,-0.13,-0.61,-0.39,54,45,0.04,-0.40,3,0.27,-0.05,-0.20,-0.76,98,72,95.9%,100.0%,98,72,95.9%,100.0%,23,28,87.0%,96.4%,6,12,100.0%,100.0%,NE,NE,NE,NE,9,12,SUPP,7,SUPP,21.54,SUPP,D,SUPP,7,SUPP,21.54,SUPP,D,SUPP,SUPP,SUPP,SUPP,SUPP,SUPP,SUPP,SUPP,SUPP,SUPP,SUPP,SUPP,NE,NE,NE,NE,NE,NE,1,1,SUPP,SUPP,NE,NE,NE,NE,NE,SUPP,NE,SUPP,SUPP,SUPP,SUPP,SUPP,7,15,0.14,-0.29,1.02,0.29,-0.73,-0.88,7,15,0.14,-0.29,1.02,0.29,-0.73,-0.88,SUPP,SUPP,SUPP,SUPP,SUPP,SUPP,SUPP,SUPP,SUPP,6,SUPP,100.0%,SUPP,6,SUPP,100.0%,SUPP,6,SUPP,83.3%,SUPP,NE,SUPP,NE,NE,NE,NE,NE,124,106,SUPP,91,SUPP,28.99,SUPP,C,SUPP,91,SUPP,28.99,SUPP,C,SUPP,SUPP,SUPP,SUPP,SUPP,SUPP,SUPP,SUPP,SUPP,SUPP,SUPP,SUPP,NE,NE,NE,NE,NE,NE,8,13,SUPP,SUPP,NE,NE,NE,NE,SUPP,SUPP,SUPP,SUPP,SUPP,SUPP,SUPP,SUPP,265,283,-0.50,-0.26,-0.37,-0.13,-0.63,-0.39,272,283,-0.50,-0.26,-0.37,-0.13,-0.62,-0.39,SUPP,SUPP,SUPP,SUPP,SUPP,SUPP,SUPP,SUPP,SUPP,66,SUPP,100.0%,SUPP,66,SUPP,100.0%,SUPP,22,SUPP,100.0%,SUPP,12,SUPP,100.0%,NE,NE,NE,NE
1,59328,38,2,938,4044,138620,E14000652,Crawley,,Thomas Bennett Community College,Ashdown Drive,Tilgate,,Crawley,RH10 5AD,01293526255,0,ACC,Does not apply,NSE,OTHER NON SEL,MIXED,0,11-18,0,,,,,104,89,24,23.03,D+,7,21.90,D+,7,0.0%,24,23.62,D+,19,40.45,Dist+,6,37.92,Dist+,0,16,37.5%,21,90.5%,42,0.19,83.3%,45,-0.21,SUPP,28,7.1%,28,92.9%,60.7%,28,50.0%,28,92.9%,60.7%,28,50.0%,9,100.0%,100.0%,9,100.0%,7,100.0%,85.7%,6,33.3%,7,0.72,NE,NE,NE,NE,NE,NE,NE,NE,2,SUPP,24,SUPP,SUPP,SUPP,SUPP,SUPP,SUPP,SUPP,SUPP,SUPP,SUPP,SUPP,SUPP,13,0.31,14,0.04,1,SUPP,6,100.0%,6,100.0%,SUPP,SUPP,SUPP,SUPP,NE,NE,NE,NE,NE,NE,NE,65,SUPP,SUPP,SUPP,SUPP,SUPP,SUPP,SUPP,SUPP,SUPP,SUPP,SUPP,SUPP,29,0.14,31,-0.32,6,SUPP,22,90.9%,22,90.9%,SUPP,SUPP,SUPP,SUPP,NE,NE,NE,NE,NE,NE,NE,42,-0.07,0.25,-0.4,3,46,-0.05,0.27,-0.36,3,23,0.68,1.07,0.29,1,8,-0.39,0.45,-1.23,8,-0.39,0.45,-1.23,SUPP,SUPP,SUPP,SUPP,34,-0,0.35,-0.35,38,0.03,0.37,-0.31,SUPP,SUPP,SUPP,SUPP,92,91,41,55,24.92,23.57,D+,D+,43,55,24.85,23.64,D+,D+,11,31,27.63,30.66,Merit+,Dist-,9,7,32.31,37.14,Dist-,Dist+,NE,NE,NE,NE,NE,NE,4,3,SUPP,SUPP,NE,NE,NE,NE,,,,,13,8,0.54,0.38,30,40,0.00,0.15,70,128,-0.21,0,3,0.05,0.19,-0.47,-0.19,83,144,-0.25,-0.02,3,0.00,0.16,-0.49,-0.21,12,36,-0.16,-0.55,3,0.34,-0.11,-0.65,-0.98,58,48,81.0%,89.6%,58,48,81.0%,89.6%,NE,15,NE,80.0%,4,1,SUPP,SUPP,NE,NE,NE,NE,25,22,11,12,16.96,17.2,D-,D-,12,12,17.21,17.16,D-,D-,SUPP,8,SUPP,25,SUPP,Merit,SUPP,SUPP,SUPP,SUPP,SUPP,SUPP,NE,NE,NE,NE,NE,NE,NE,1,NE,SUPP,NE,NE,NE,NE,SUPP,SUPP,SUPP,SUPP,11,12,0.00,0,14,20,-0.50,0.04,0.13,0.56,-1.14,-0.47,21,23,-0.61,-0.01,-0.05,0.48,-1.16,-0.50,SUPP,9,SUPP,-0.86,SUPP,0.08,SUPP,-1.80,17,10,64.7%,80.0%,17,10,64.7%,80.0%,NE,SUPP,NE,SUPP,NE,SUPP,NE,SUPP,NE,NE,NE,NE,67,69,30,43,26.84,24.56,C-,D+,31,43,26.96,24.67,C-,D+,SUPP,23,SUPP,32,SUPP,Dist-,SUPP,SUPP,SUPP,SUPP,SUPP,SUPP,NE,NE,NE,NE,NE,NE,4,2,SUPP,SUPP,NE,NE,NE,NE,SUPP,SUPP,SUPP,SUPP,19,28,0.00,0.21,56,108,-0.14,-0.01,0.15,0.20,-0.43,-0.22,62,121,-0.15,-0.02,0.13,0.18,-0.42,-0.23,SUPP,27,SUPP,-0.47,SUPP,0.02,SUPP,-0.96,41,38,87.8%,92.1%,41,38,87.8%,92.1%,NE,SUPP,NE,SUPP,SUPP,NE,SUPP,NE,NE,NE,NE,NE
4,,38,2,938,,,,,,,,,,,,,0,,,,,,,,,,,,,,8497,3432,32.86,C+,2553,31.89,C+,2553,13.0%,3460,32.94,C+,938,30.80,Dist-,298,28.80,Merit+,0,2242,13.3%,2795,34.2%,1680,0.07,81.1%,2277,0.09,84.6%,3586,22.7%,3310,89.0%,86.7%,3294,82.3%,3315,89.0%,86.8%,3299,82.2%,702,86.8%,79.8%,686,71.9%,289,91.7%,84.1%,276,83.0%,366,0.31,103,5.65,L2Merit-,168,-0.01,173,90.2%,56.6%,1414,6.6%,1464,259,29.43,C,265,29.39,C,103,29.23,Merit+,52,24.23,Merit,590,-0.06,729,-0.06,67,-0.14,266,78.2%,268,78.4%,97,80.4%,55,92.7%,20,5.73,L2Merit-,31,-0.03,36,88.9%,6639,3033,33.05,C+,3052,33.13,C+,817,30.91,Dist-,245,29.84,Merit+,1088,0.14,1545,0.16,297,0.42,2949,90.0%,2952,90.0%,591,88.0%,233,91.8%,79,5.63,L2Merit-,131,0.00,131,90.1%,NA,NA,NA,NA,NA,NA,NA,NA,NA,NA,NA,NA,NA,NA,NA,NA,NA,NA,NA,NA,NA,NA,NA,NA,NA,NA,NA,NA,NA,NA,NA,NA,NA,NA,NA,NA,NA,NA,NA,8882,,3830,,32.37,31.27,C+,C,3839,,32.47,31.36,C+,C,557,,29.22,34.75,Merit+,Dist,198,,27.73,32.31,Merit+,Dist-,555,,5.89,5.8,L2Merit,L2Merit-,209,,0.18,0.19,191,,-0.17,-0.13,,,,,1719,,0.03,0.07,2378,,0.07,0.02,NA,NA,NA,NA,NA,NA,NA,NA,NA,NA,NA,NA,NA,NA,NA,NA,NA,NA,NA,NA,NA,NA,NA,NA,NA,NA,NA,3808,,90.7%,94.3%,3809,,90.7%,94.3%,340,,89.7%,91.2%,164,,92.1%,94.5%,605,,87.9%,87.9%,1546,,318,,27.56,26.99,C-,C-,322,,27.59,27.02,C-,C-,68,,27.66,33.2,Merit+,Dist-,31,,27.85,30.12,Merit+,Dist-,148,,5.98,5.88,L2Merit,L2Merit,33,,-0.04,-0.23,49,,-0.29,-0.53,575,,-0.24,-0.08,738,,-0.12,-0.15,NA,NA,NA,NA,NA,NA,NA,NA,NA,NA,NA,NA,NA,NA,NA,NA,NA,NA,NA,NA,NA,NA,NA,NA,368,,79.3%,83.1%,368,,79.3%,83.1%,46,,82.6%,87.1%,25,,92.0%,89.7%,186,,82.8%,80.3%,6918,,3383,,32.63,31.52,C+,C,3388,,32.74,31.61,C+,C,481,,29.43,35.07,Merit+,Dist,166,,27.74,32.68,Merit+,Dist-,394,,5.86,5.76,L2Merit,L2Merit-,173,,0.23,0.26,139,,-0.12,0.01,1139,,0.18,0.14,1632,,0.16,0.08,NA,NA,NA,NA,NA,NA,NA,NA,NA,NA,NA,NA,NA,NA,NA,NA,NA,NA,NA,NA,NA,NA,NA,NA,3352,,92.2%,95.4%,3353,,92.2%,95.4%,289,,90.7%,91.8%,137,,92.0%,95.3%,410,,90.0%,91.2%
1,46504,38,2,938,4107,126089,E14000817,Mid Sussex,,Sackville School,Lewes Road,,,East Grinstead,RH19 3TY,01342410140,0,CY,Does not apply,NSE,OTHER NON SEL,MIXED,0,11-18,0,,,,,334,180,143,31.51,C,109,27.98,C-,109,11.0%,143,31.51,C,30,25.70,Merit,4,SUPP,SUPP,SUPP,17,23.5%,37,81.1%,21,0.29,SUPP,24,0.13,SUPP,142,14.8%,107,96.3%,93.5%,107,88.8%,107,96.3%,93.5%,107,88.8%,30,53.3%,53.3%,30,53.3%,23,78.3%,43.5%,23,78.3%,23,-1.98,NE,NE,NE,NE,NE,NE,NE,NE,NE,NE,24,12,29.17,C,12,29.17,C,6,35.00,Dist,NE,NE,NE,6,0.42,6,-0.75,5,SUPP,SUPP,SUPP,SUPP,SUPP,8,62.5%,SUPP,SUPP,NE,NE,NE,NE,NE,NE,NE,155,131,31.69,C+,131,31.69,C+,24,23.22,Merit-,SUPP,SUPP,SUPP,15,0.23,18,0.42,18,SUPP,SUPP,SUPP,SUPP,SUPP,22,50.0%,SUPP,SUPP,NE,NE,NE,NE,NE,NE,NE,374,-0.01,0.1,-0.12,3,374,-0.01,0.1,-0.12,3,33,0.24,0.51,-0.04,3,28,-0.1,0.33,-0.53,28,-0.1,0.33,-0.53,6,0.54,1.17,-0.09,346,0,0.11,-0.11,346,0,0.11,-0.11,27,0.16,0.46,-0.15,195,197,170,155,29.80,31.11,C,C,170,155,29.82,31.11,C,C,36,41,23.96,37.33,Merit,Dist+,6,9,23.33,40.45,Merit-,Dist+,NE,NE,NE,NE,NE,NE,16,16,-1.26,-0.57,5,26,SUPP,-0.99,,,,,22,30,0.25,0.23,27,29,0.39,0.14,501,487,-0.01,0.13,3,0.08,0.23,-0.11,0.03,502,487,-0.01,0.13,3,0.08,0.23,-0.11,0.03,43,47,0.08,-0.25,3,0.33,0.11,-0.17,-0.60,135,118,95.6%,97.5%,135,118,95.6%,97.5%,32,38,71.9%,94.7%,9,9,44.4%,88.9%,NE,5,NE,SUPP,13,25,9,13,31.43,24.29,C,D+,9,13,31.43,24.29,C,D+,SUPP,6,SUPP,32.69,SUPP,Dist-,NE,SUPP,NE,SUPP,NE,SUPP,NE,NE,NE,NE,NE,NE,NE,3,NE,SUPP,3,8,SUPP,-0.99,SUPP,9,SUPP,0.56,SUPP,8,SUPP,0.06,29,34,0.00,0.02,0.43,0.40,-0.43,-0.36,29,34,0.00,0.02,0.43,0.40,-0.43,-0.36,SUPP,8,SUPP,-0.33,SUPP,0.60,SUPP,-1.26,7,9,100.0%,88.9%,7,9,100.0%,88.9%,SUPP,6,SUPP,100.0%,NE,SUPP,NE,SUPP,NE,SUPP,NE,SUPP,182,169,161,141,29.70,31.76,C,C+,161,141,29.72,31.76,C,C+,SUPP,35,SUPP,38.15,SUPP,Dist+,6,SUPP,23.33,SUPP,Merit-,SUPP,NE,NE,NE,NE,NE,NE,16,12,-1.26,SUPP,2,18,SUPP,-0.99,SUPP,21,SUPP,0.1,SUPP,21,SUPP,0.17,472,453,-0.01,0.14,0.08,0.24,-0.11,0.04,473,453,-0.01,0.14,0.09,0.24,-0.11,0.04,SUPP,39,SUPP,-0.24,SUPP,0.14,SUPP,-0.61,128,107,95.3%,98.1%,128,107,95.3%,98.1%,SUPP,32,SUPP,93.8%,9,SUPP,44.4%,SUPP,NE,SUPP,NE,SUPP
1,66170,38,2,938,6208,126137,E14000753,Horsham,,Worth School,Paddockhurst Road,Turners Hill,,Crawley,RH10 4SD,01342710200,0,IND,Roman Catholic,,NA,MIXED,0,11-19,0,,,,,211,111,65,36.32,B-,50,35.73,B-,50,12.0%,107,35.14,B-,NE,NE,NE,NE,NE,NE,NE,NE,NE,NE,NE,7,-0.29,SUPP,1,SUPP,SUPP,74,41.9%,NA,NA,NA,NA,NA,NA,NA,NA,NA,NA,NA,NA,NA,NA,NA,NA,NA,NA,NA,NA,NA,NA,NE,NE,NE,NA,NA,NA,NA,NA,NE,NE,NA,NA,NA,NA,NA,NA,NA,NA,NA,NA,NA,NA,NA,NA,NA,NA,NA,NA,NA,NA,NA,NA,NA,NA,NA,NA,NA,NA,NA,NA,NA,NA,NA,NA,NA,NA,NA,NA,NA,NA,NA,NA,NA,NA,NA,NA,NA,NA,NA,NA,NA,NA,NA,NA,NA,NA,NA,NA,NA,NA,NA,NA,NA,NA,NA,NA,NA,NA,139,-0.02,0.15,-0.2,3,165,-0.11,0.06,-0.28,3,NE,NE,NE,NE,NA,NA,NA,NA,NA,NA,NA,NA,NA,NA,NA,NA,NA,NA,NA,NA,NA,NA,NA,NA,NA,NA,NA,NA,NA,114,111,78,85,37.05,37.91,B-,B-,112,110,36.61,39.26,B-,B,NE,NE,NE,NE,NE,NE,NE,NE,NE,NE,NE,NE,NE,NE,NE,NE,NE,NE,NA,NA,NA,NA,NA,NA,NA,NA,,,,,4,NE,SUPP,NE,1,NE,SUPP,NE,204,280,0.19,0.16,2,0.34,0.29,0.04,0.03,233,307,0.13,0.07,3,0.28,0.21,-0.01,-0.08,NE,NE,NE,NE,NA,NE,NE,NE,NE,NA,NA,NA,NA,NA,NA,NA,NA,NA,NA,NA,NA,NA,NA,NA,NA,NA,NA,NA,NA,NA,NA,NA,NA,NA,NA,NA,NA,NA,NA,NA,NA,NA,NA,NA,NA,NA,NA,NA,NA,NA,NA,NA,NA,NA,NA,NA,NA,NA,NA,NA,NA,NA,NA,NA,NA,NA,NA,NA,NA,NA,NA,NA,NA,NA,NA,NA,NA,NA,NA,NA,NA,NA,NA,NA,NA,NA,NA,NA,NA,NA,NA,NA,NA,NA,NA,NA,NA,NA,NA,NA,NA,NA,NA,NA,NA,NA,NA,NA,NA,NA,NA,NA,NA,NA,NA,NA,NA,NA,NA,NA,NA,NA,NA,NA,NA,NA,NA,NA,NA,NA,NA,NA,NA,NA,NA,NA,NA,NA,NA,NA,NA,NA,NA,NA,NA,NA,NA,NA,NA,NA,NA,NA,NA,NA,NA,NA,NA,NA,NA,NA,NA,NA,NA,NA,NA,NA,NA,NA,NA,NA,NA,NA,NA,NA,NA,NA,NA,NA,NA,NA,NA,NA,NA,NA,NA,NA,NA,NA,NA,NA,NA,NA,NA,NA,NA,NA,NA,NA,NA,NA,NA,NA,NA,NA,NA,NA,NA,NA,NA,NA,NA,NA,NA
7,,,,,,,,,,,,,,,,,,,,,,,,,,,,,,,550933,247995,32.87,C+,189802,32.89,C+,189788,14.1%,252640,33.02,C+,67710,28.89,Merit+,19431,28.64,Merit+,191,131483,14.8%,175067,39.1%,106083,0.14,82.5%,140556,0.09,85.2%,268494,26.7%,239124,91.3%,89.5%,236838,84.7%,241598,91.3%,89.3%,239235,84.5%,53841,86.5%,79.3%,52609,75.3%,20447,87.9%,75.7%,19538,76.3%,22634,0.00,5321,5.75,L2Merit-,7808,0.00,7745,87.9%,55.9%,89168,5.2%,137486,38800,28.70,C,39704,28.77,C,15406,27.72,Merit+,4615,26.80,Merit+,44702,-0.03,57743,-0.04,5759,-0.25,38266,85.5%,38645,85.4%,13918,83.0%,5272,84.6%,1601,5.60,L2Merit-,2613,-0.10,2689,84.9%,395647,205725,33.58,C+,209238,33.74,C+,51573,29.26,Merit+,14612,29.20,Merit+,61050,0.25,82479,0.17,16642,0.08,197831,92.5%,199716,92.4%,39337,87.8%,14967,89.1%,3620,5.81,L2Merit-,5062,0.05,4910,89.4%,699844,-0.02,-0.02,-0.02,NA,748903,-0.02,-0.02,-0.02,NA,84296,0.01,0.01,0,NA,107314,-0.12,-0.11,-0.13,113622,-0.12,-0.11,-0.13,19747,-0.04,-0.02,-0.05,592530,0,0,0,635281,0,0,0,64549,0.02,0.03,0.01,558568,,263436,,32.12,31.14,C+,C,267269,,32.29,31.32,C+,C,45277,,28.45,35.69,Merit+,Dist,12807,,28.12,32.25,Merit+,Dist-,38342,,5.77,5.75,L2Merit-,L2Merit-,14177,,0.00,0,19325,,0.00,0,,,,,113154,,0.06,-0.02,143446,,0.05,-0.01,812907,943502,-0.01,-0.01,NA,-0.01,NA,-0.01,NA,858975,984387,-0.01,-0.01,NA,-0.01,NA,-0.01,NA,55447,141231,0.01,0.00,NA,0.01,NA,0,NA,258008,,92.5%,95.3%,260338,,92.4%,95.3%,30080,,90.4%,88.5%,12153,,90.6%,90.5%,41142,,88.3%,86.3%,139106,,40882,,27.86,27.07,C-,C-,41606,,27.96,27.19,C-,C-,10491,,27.27,33.83,Merit+,Dist,2985,,26.26,30.93,Merit,Dist-,12343,,5.72,5.72,L2Merit-,L2Merit-,3581,,-0.25,-0.24,6934,,-0.12,-0.14,47613,,-0.09,-0.16,58707,,-0.08,-0.12,122816,138829,-0.09,-0.07,-0.08,NA,-0.10,NA,128633,143775,-0.09,-0.07,-0.08,NA,-0.10,NA,13321,35969,-0.03,-0.08,-0.01,NA,-0.04,NA,41679,,87.3%,91.6%,42060,,87.2%,91.6%,7677,,88.2%,85.6%,3106,,88.5%,87.5%,14800,,85.7%,83.4%,401294,,218882,,32.83,31.79,C+,C+,221769,,33.00,31.97,C+,C+,34320,,28.85,36.36,Merit+,Dist,9706,,28.69,32.65,Merit+,Dist-,25305,,5.79,5.77,L2Merit-,L2Merit-,10460,,0.08,0.08,11968,,0.06,0.07,65157,,0.17,0.07,84373,,0.13,0.07,690091,804666,0.00,0.00,0.01,NA,0.00,NA,730342,840605,0.00,0.00,0.01,NA,0.00,NA,42126,105262,0.02,0.03,0.03,NA,0.01,NA,213164,,93.5%,96.0%,214907,,93.5%,96.0%,22050,,91.2%,89.6%,8926,,91.3%,91.5%,25643,,89.7%,87.9%
5,,,,,,,,,,,,,,,,,,,,,,,,,,,,,,,591778,283528,34.01,C+,218399,33.96,C+,218385,16.5%,290477,34.33,C+,68773,28.91,Merit+,19485,28.64,Merit+,191,132562,14.7%,177070,39.2%,108005,0.13,81.7%,142488,0.08,84.8%,301537,28.7%,239124,NA,NA,236838,NA,241598,NA,NA,239235,NA,53841,NA,NA,52609,NA,20447,NA,NA,19538,NA,22634,NA,5325,5.75,L2Merit-,7808,NA,7745,NA,NA,89268,5.2%,,,NA,NA,,NA,NA,,NA,NA,,NA,NA,,NA,,NA,,NA,,NA,,NA,,NA,,NA,,NA,NA,,NA,,NA,,,NA,NA,,NA,NA,,NA,NA,,NA,NA,,NA,,NA,,NA,,NA,,NA,,NA,,NA,,NA,NA,,NA,,NA,NA,NA,NA,NA,NA,NA,NA,NA,NA,NA,NA,NA,NA,NA,NA,NA,NA,NA,NA,NA,NA,NA,NA,NA,NA,NA,NA,NA,NA,NA,NA,NA,NA,NA,NA,NA,NA,NA,NA,599772,,299420,,33.33,32.39,C+,C+,305503,,33.66,32.73,C+,C+,45829,,28.47,35.73,Merit+,Dist,12836,,28.11,32.26,Merit+,Dist-,38368,,5.77,5.75,L2Merit-,L2Merit-,14177,,NA,NA,19325,,NA,NA,,,,,115115,,0.06,-0.02,145448,,0.05,0,NA,1056919,NA,0,NA,NA,NA,NA,NA,NA,1107968,NA,0.00,NA,NA,NA,NA,NA,NA,142609,NA,0.00,NA,NA,NA,NA,NA,258008,,NA,NA,260338,,NA,NA,30080,,NA,NA,12153,,NA,NA,41142,,NA,NA,,,,,,NA,,NA,,,,NA,,NA,,,,NA,,NA,,,,NA,,NA,,,,NA,,NA,,,,NA,,,,NA,,,,NA,,,,NA,NA,NA,NA,NA,NA,NA,NA,NA,NA,NA,NA,NA,NA,NA,NA,NA,NA,NA,NA,NA,NA,NA,NA,NA,,,,NA,,,,NA,,,,NA,,,,NA,,,,NA,,,,,,NA,,NA,,,,NA,,NA,,,,NA,,NA,,,,NA,,NA,,,,NA,,NA,,,,NA,,,,NA,,,,NA,,,,NA,NA,NA,NA,NA,NA,NA,NA,NA,NA,NA,NA,NA,NA,NA,NA,NA,NA,NA,NA,NA,NA,NA,NA,NA,,,,NA,,,,NA,,,,NA,,,,NA,,,,NA